gene_name	groupID	featureID	exonBaseMean	dispersion	stat	pvalue	padj	Con1	Con2	log2fold_Con2_Con1	genomicData.seqnames	genomicData.start	genomicData.end	genomicData.width	genomicData.strand	countData.SRR3306823_Aligned.sortedByCoord.out	countData.SRR3306824_Aligned.sortedByCoord.out	countData.SRR3306825_Aligned.sortedByCoord.out	countData.SRR3306826_Aligned.sortedByCoord.out	countData.SRR3306827_Aligned.sortedByCoord.out	countData.SRR3306828_Aligned.sortedByCoord.out	countData.SRR3306829_Aligned.sortedByCoord.out	countData.SRR3306830_Aligned.sortedByCoord.out	countData.SRR3306831_Aligned.sortedByCoord.out	countData.SRR3306832_Aligned.sortedByCoord.out	countData.SRR3306833_Aligned.sortedByCoord.out	countData.SRR3306834_Aligned.sortedByCoord.out	countData.SRR3306835_Aligned.sortedByCoord.out	countData.SRR3306836_Aligned.sortedByCoord.out
BAD	ENSG00000002330	E007	2.73957198238504	0.0298461024745067	17.303022153912	3.18679617034913e-05	0.0303353427205347	0.74579082597101	0.275666985513789	-2.36566907031506	11	64271804	64271868	65	-	4	1	7	8	2	3	5	1	2	0	1	1	2	0
DBNDD1	ENSG00000003249	E004	105.223099087138	0.0163200303518944	19.8157369536648	8.52776766432969e-06	0.0157912369819109	2.10381420216074	1.94015072128616	-0.54892819557245	16	90006493	90007761	1269	-	110	112	94	83	144	182	95	104	55	114	89	92	114	118
MATK	ENSG00000007264	E015	74.9780118145966	0.00888029847546654	17.9156849136859	2.30910229878328e-05	0.0252277455262956	1.79703595015956	1.93597369966418	0.46793237679976	19	3783126	3783219	94	-	60	54	36	68	34	86	69	114	71	132	94	93	66	92
DPF1	ENSG00000011332	E024	4.41130699442306	0.0753412160081896	15.9212919391127	6.60316996087364e-05	0.0429705699542092	0.42242305126121	0.926384844685781	2.17738883180733	19	38217798	38217876	79	-	1	2	3	1	1	1	3	4	8	13	4	5	3	16
PPP5C	ENSG00000011485	E022	14.5024010387779	0.0135423075674275	16.5337942196882	4.77906739472436e-05	0.0367729323243228	1.29410579586208	1.05033042464089	-0.869150641760188	19	46384377	46384803	427	+	18	19	19	11	13	27	24	7	8	11	17	14	9	10
MATR3	ENSG00000015479	E025	308.316186616675	0.0213104220360713	23.4889993318321	1.25630043834504e-06	0.00515557782109286	2.56096027429938	2.38488358445235	-0.586903104068099	5	139310043	139314674	4632	+	377	360	598	250	444	313	420	139	265	222	327	220	308	197
CHPF2	ENSG00000033100	E013	43.6215127110442	0.0180839338457127	16.1033969595965	5.99763585616051e-05	0.0414825248523282	1.74259803739585	1.53291680686765	-0.713135135845342	7	151236591	151236955	365	+	73	43	37	29	58	62	81	28	29	40	41	40	27	41
RIPOR1	ENSG00000039523	E015	33.0849766650269	0.00425161639835714	18.909752098156	1.37050275835924e-05	0.0200865670147779	1.61553219684133	1.4263950676475	-0.647989943151312	16	67538078	67538423	346	+	35	35	28	30	37	53	58	33	26	28	26	18	38	26
LMO3	ENSG00000048540	E024	4.79499878861267	0.0113262549298773	16.783662012931	4.18924407156679e-05	0.0346918252330152	0.931687645185115	0.536820857727679	-1.62731903619473	12	16560506	16560538	33	-	7	6	12	5	7	6	5	2	3	3	3	3	2	4
PLEKHA5	ENSG00000052126	E081	15.043092474381	0.0357791422040728	15.217209613396	9.5826154312446e-05	0.0497403338875611	1.32241301644396	1.02369716723491	-1.06547117135363	12	19335625	19336514	890	+	15	16	27	15	15	29	27	7	9	17	11	8	9	8
PLEKHA5	ENSG00000052126	E109	91.159119525372	0.00993390803122523	22.5501686943799	2.04726553662145e-06	0.00713336842731854	2.03457648542883	1.87523963615251	-0.53527809943923	12	19370722	19373668	2947	+	113	127	113	51	115	130	127	61	79	74	74	64	114	69
GATB	ENSG00000059691	E034	29.5489322519495	0.00951422553274348	16.59050421289	4.63826735646457e-05	0.0361900443988069	1.37784289438277	1.56819571838997	0.654553059804375	4	151758772	151758922	151	-	26	23	23	16	20	26	25	36	45	41	34	33	43	37
SNRNP40	ENSG00000060688	E008	32.1343970575198	0.0248730432736809	15.7965372063474	7.05314761528835e-05	0.0432725837247608	1.62132101762615	1.36701453974045	-0.873202945462501	1	31261633	31261822	190	-	37	25	68	34	40	27	72	30	14	19	30	19	25	20
EPN1	ENSG00000063245	E002	47.8741613955803	0.0344042619091865	19.9856346769195	7.80261529175746e-06	0.0149199256224465	1.80808836031447	1.5233848162843	-0.96703641325173	19	55675245	55675435	191	+	58	64	43	54	71	78	66	29	15	29	32	25	41	74
CTNNA2	ENSG00000066032	E002	32.8482277238584	0.0383806157508278	15.2496142773614	9.41959912211825e-05	0.0495075292660094	1.35535512675071	1.62262374293332	0.918131002000936	2	79197959	79198076	118	+	16	24	20	22	18	13	20	53	57	50	42	49	17	72
PDK3	ENSG00000067992	E011	6.10161192554518	0.0211585648383001	15.9531723298595	6.4928874881542e-05	0.0429705699542092	0.98220598020345	0.693408852893268	-1.12722406883848	X	24525397	24526197	801	+	13	9	11	2	9	5	8	6	5	3	5	5	3	4
TTC7A	ENSG00000068724	E013	5.13150020971761	0.0254610450959171	17.6699308081405	2.627475092095e-05	0.0269564347365102	0.547942024571019	0.955056904811299	1.66313033601035	2	46950527	46950722	196	+	5	2	1	0	7	1	2	8	9	9	14	8	7	4
TTC7A	ENSG00000068724	E039	51.9817972582379	0.149844946185074	19.3335119829397	1.09762921630719e-05	0.0173152901399261	1.89063088040684	1.43365394950059	-1.55352154641969	2	47027577	47029223	1647	+	73	38	63	70	91	66	146	14	23	7	20	103	16	9
ELP1	ENSG00000070061	E045	18.2362884407314	0.053566518225667	15.9215916700775	6.60212439037415e-05	0.0429705699542092	1.41001310620264	1.05999941469414	-1.23693944554684	9	108893084	108893942	859	-	18	25	13	19	19	38	51	15	13	3	5	7	18	12
CSNK2A2	ENSG00000070770	E013	6.67023004314122	0.0132708777328309	17.1145328573753	3.5191986184039e-05	0.0316508513627918	0.992746009226775	0.702326422796816	-1.12920146594503	16	58168694	58169126	433	-	8	6	13	4	12	13	13	4	6	1	4	3	4	5
CAMK2A	ENSG00000070808	E015	460.699109314724	0.0256032974252237	29.4707910294719	5.67657944215054e-08	0.000655183703488713	2.7787822124143	2.50674638552908	-0.905779342517043	5	150223218	150224405	1188	-	519	575	542	302	479	888	885	287	362	266	353	303	441	385
PDCD2	ENSG00000071994	E002	325.740413873026	0.00653003061822823	18.616681325423	1.59815995969565e-05	0.0209129049815098	2.55501977762693	2.46521736113746	-0.299243326322866	6	170575328	170577435	2108	-	303	260	356	401	338	383	351	371	300	342	280	306	278	340
EVC	ENSG00000072840	E006	5.43280679812829	0.0767612792103309	18.3866218786083	1.80319575020345e-05	0.0225882760333063	0.543541059359736	0.966484622283882	1.72619452895709	4	5733351	5733435	85	+	1	4	4	3	2	1	2	4	13	7	13	6	8	12
KCNQ2	ENSG00000075043	E036	10.7187274546158	0.0235072819176766	17.7478722919437	2.52199398972172e-05	0.0261041382539222	NA	NA	NA	20	63423934	63424086	153	-	21	11	17	3	20	12	18	4	10	6	7	7	9	12
EIF4G3	ENSG00000075151	E009	4.48995468201061	0.0633471896946492	16.3601120888486	5.23759611221665e-05	0.0383820188112321	0.933941357966384	0.467299747514383	-1.9731255533505	1	20813158	20813239	82	-	4	4	10	6	9	8	7	1	1	2	7	3	1	1
MARK3	ENSG00000075413	E025	12.2152530461868	0.0308592127206671	15.2755034240635	9.29136752520412e-05	0.0492517295117663	0.94783494671727	1.26451542995388	1.14392148343948	14	103405134	103405267	134	+	8	11	3	8	15	6	9	10	13	20	18	15	18	25
JADE1	ENSG00000077684	E034	941.577340935943	0.00907928517716774	19.3285243143184	1.10050001779267e-05	0.0173152901399261	2.94058113516031	3.00569905249417	0.216547618698865	4	128862226	128864081	1856	+	1020	689	971	972	938	683	865	1403	949	928	862	990	1105	1061
PPP2R5C	ENSG00000078304	E034	62.7531971193775	0.00362368299005594	15.6381004077421	7.66936487867394e-05	0.0451051468835897	NA	NA	NA	14	101836169	101836432	264	+	60	68	73	70	63	66	64	73	53	50	75	42	62	72
FDFT1	ENSG00000079459	E024	26.0763372181101	0.0580770824290791	17.100232076951	3.54579718065269e-05	0.0316508513627918	1.58190091865056	1.23528182279072	-1.19962452605345	8	11808490	11808790	301	+	15	24	35	36	33	34	62	17	15	21	41	13	11	13
SMARCA2	ENSG00000080503	E164	90.3006277113647	0.00710137300589456	22.0638918201975	2.63724136634437e-06	0.00816409603611908	2.0335218022604	1.86832291743446	-0.555031551081564	9	2191409	2192703	1295	+	101	110	99	87	105	116	118	86	78	60	92	67	99	67
APLP2	ENSG00000084234	E058	7.67035177897163	0.0269567043894834	19.9785228973109	7.83168997541742e-06	0.0149199256224465	1.10339149827972	0.699360259199654	-1.54532983346512	11	130141573	130141918	346	+	8	4	15	9	14	15	14	2	3	4	5	3	8	6
AGBL5	ENSG00000084693	E034	96.0404167310306	0.00323695554380453	15.5258768503003	8.1383529602325e-05	0.0467137751231938	2.03427024669495	1.93239498595065	-0.341984256371887	2	27070092	27070618	527	+	107	98	112	88	118	96	96	93	99	88	92	102	106	79
PIGS	ENSG00000087111	E006	72.9659634620798	0.00337337991545174	71.297505712339	3.07223948334869e-17	5.67350465390003e-12	1.96951998051391	1.73968403132546	-0.774453035422909	17	28555062	28556160	1099	-	79	63	119	74	95	96	102	67	53	61	66	57	53	55
PHACTR3	ENSG00000087495	E017	42.2551293089929	0.0459610210938815	16.5021895774711	4.85939245652017e-05	0.0368670922583619	1.7735844300153	1.44865514302518	-1.10716922411396	20	59835853	59836504	652	+	45	45	99	32	47	41	91	30	22	21	49	30	42	15
ARHGAP28	ENSG00000088756	E048	92.2005054972914	0.0469294733805786	19.2537612505259	1.14444687878578e-05	0.0176120837587808	2.0364194179097	1.90161789160692	-0.452682496478837	18	6912416	6915700	3285	+	31	54	168	66	95	138	100	132	90	77	91	92	95	95
DDX24	ENSG00000089737	E010	23.1725235614902	0.0243078880660623	16.9526460607049	3.83238664552262e-05	0.0329175275269145	1.50709507067399	1.22979555866053	-0.963171904310129	14	94053128	94053378	251	-	38	22	36	21	20	28	39	21	10	18	24	16	14	24
SPTLC1	ENSG00000090054	E023	35.1389841054775	0.043246496712235	18.641106858495	1.57781529026141e-05	0.0209129049815098	1.68884354243567	1.35187635371202	-1.15517533809748	9	92034067	92034809	743	-	45	34	52	32	32	73	76	9	24	30	25	27	24	17
GOLGA3	ENSG00000090615	E028	46.1450103156086	0.0196263895831873	21.4263459124073	3.67684033959337e-06	0.00982043155097062	1.77987325913969	1.50751545357004	-0.926153179412058	12	132783868	132784163	296	-	47	61	52	37	48	107	78	32	38	23	31	39	29	30
MCOLN1	ENSG00000090674	E009	59.5988434552326	0.00274769529683989	18.5915121862308	1.61939969261704e-05	0.0209129049815098	1.70512508601287	1.83138202007709	0.426718927349846	19	7526439	7526606	168	+	47	33	39	27	48	53	58	75	71	77	96	82	81	86
MCOLN1	ENSG00000090674	E017	16.6894782438547	0.0326901915686416	18.8176875373195	1.43827110690978e-05	0.0204752632581152	1.405540716137	1.06299703159092	-1.2105735459984	19	7528158	7528257	100	+	15	14	20	9	16	46	30	9	9	17	19	11	13	12
LAMB1	ENSG00000091136	E041	44.3785010463197	0.00365795752825228	16.6100465003491	4.59072006536179e-05	0.0361900443988069	1.57586284063085	1.71122914791657	0.460177840008615	7	107953530	107953754	225	-	45	32	42	19	37	28	24	39	59	50	56	68	80	73
FKBP5	ENSG00000096060	E006	3.19540942577165	0.0808307083467182	15.3289789558522	9.03203141361722e-05	0.0489133501804309	0.725283828318447	0.134423103646178	-3.57132881554549	6	35587034	35587117	84	-	0	7	2	8	0	8	15	1	0	0	0	1	0	0
WASHC2A	ENSG00000099290	E036	12.8080044433073	0.0429107713591472	22.4611257346012	2.14439790294833e-06	0.00720010837704489	1.29861988232516	0.867968377797824	-1.56628034614466	10	50125369	50125449	81	+	24	10	14	10	29	28	22	11	6	8	2	6	10	3
HNRNPM	ENSG00000099783	E034	7.69837965361289	0.0219962222847532	23.1081356946799	1.53141353466998e-06	0.00603414411315476	1.08702479629197	0.662014270163491	-1.64299288976675	19	8485603	8485648	46	+	7	9	19	6	10	14	19	9	1	3	5	3	2	2
PALM	ENSG00000099864	E015	106.274952353891	0.00501548120940029	33.0873503278638	8.81100914292067e-09	0.000125163773724859	2.10083605183466	1.93973475665585	-0.540354063043363	19	734195	735029	835	+	81	108	114	119	115	167	142	114	82	80	96	82	84	119
DDT	ENSG00000099977	E014	6.8801388086968	0.0734005357652455	16.1429734803648	5.87360632074098e-05	0.0410863211837589	0.66499989870683	1.05240692360579	1.50461795970171	22	23979726	23979828	103	-	5	4	4	7	1	1	4	7	8	7	13	12	9	18
SEPTIN3	ENSG00000100167	E009	28.3472715930457	0.00596654003449928	25.1232610594809	5.37802034659525e-07	0.00342468626691636	1.55760490355524	1.36528152863033	-0.661961891301272	22	41985642	41985983	342	+	23	34	35	21	44	40	35	19	28	27	27	22	22	30
RHBDD3	ENSG00000100263	E008	70.8844170626168	0.0109894047729641	15.4968477517809	8.26429579618789e-05	0.0472497679468117	1.92393673529412	1.7646232645502	-0.536957606151862	22	29261200	29261425	226	-	70	75	91	67	70	110	107	84	52	49	83	59	39	49
TTLL12	ENSG00000100304	E020	17.4795504033233	0.0364829709626687	15.5285492200733	8.12685638654037e-05	0.0467137751231938	1.40221666774535	1.10304005729777	-1.05407541918917	22	43186893	43187134	242	-	25	28	15	13	26	24	25	8	5	13	14	12	18	25
SAMM50	ENSG00000100347	E015	75.016516140838	0.0231202224740965	18.9703077027042	1.32768565109912e-05	0.019614696735078	1.98026432377327	1.75575426005	-0.75617130170443	22	43986344	43989110	2767	+	90	83	124	61	74	97	120	48	52	57	79	69	62	59
EEF1A2	ENSG00000101210	E010	24.1869348939714	0.0149898049323093	15.524275157346	8.14525130755856e-05	0.0467137751231938	1.50831401261856	1.27564941442999	-0.806006720146568	20	63490081	63490478	398	-	43	16	23	24	26	38	30	22	23	13	19	19	22	27
VAPA	ENSG00000101558	E017	106.523815171183	0.0194336369932748	25.4195953259695	4.61209467964028e-07	0.00307122949508422	2.11204113341288	1.92233950919296	-0.636341307810261	18	9947594	9950394	2801	+	144	103	182	121	130	93	150	70	77	54	117	85	102	95
MRPS31	ENSG00000102738	E006	27.4934267420288	0.0136108597742629	23.5311711519618	1.22906314562096e-06	0.00515557782109286	1.55026312536312	1.28741989067802	-0.908346866322514	13	40752273	40752407	135	-	17	35	33	39	33	55	44	15	23	12	22	18	18	20
MGRN1	ENSG00000102858	E038	9.01798382628525	0.020401287170509	17.2522983675013	3.27301380700173e-05	0.0306815969410665	NA	NA	NA	16	4681348	4681549	202	+	11	17	13	5	21	12	16	3	2	4	8	8	4	6
LONP2	ENSG00000102910	E030	312.81399650057	0.00513746107979614	16.4505832718236	4.9934816078969e-05	0.0370339858847519	2.53220568634935	2.45215027259562	-0.266798577152819	16	48355686	48356448	763	+	333	296	410	302	385	306	399	307	319	235	267	277	336	300
CSPP1	ENSG00000104218	E048	35.5102397582247	0.00504830403635825	15.4794999940302	8.34049328123748e-05	0.0473919659768038	1.48263309404541	1.64079824686573	0.540323042023837	8	67095293	67095732	440	+	38	25	24	21	43	33	38	27	59	40	38	40	48	43
CLASRP	ENSG00000104859	E006	29.0340629261647	0.0242770558102739	16.8885917191948	3.96391087231034e-05	0.0335786890270436	1.33098680030794	1.59084692404604	0.894691303296735	19	45039521	45039917	397	+	20	20	34	19	22	14	15	25	38	45	65	51	36	21
ANKRD27	ENSG00000105186	E037	7.21536210891738	0.00937522220875684	24.9253317812153	5.95941960002833e-07	0.00343653447940367	0.653624915774977	1.08254718275055	1.6625091521602	19	32646459	32646603	145	-	5	5	2	3	5	3	2	9	11	16	15	11	10	9
PLD3	ENSG00000105223	E070	29.1151835730127	0.0178138405945942	15.7395918486729	7.26867586246804e-05	0.0440100449679335	1.57525873889101	1.37125830241032	-0.701499846900384	19	40373481	40373892	412	+	38	21	40	28	31	42	41	14	21	22	41	22	36	23
HNRNPUL1	ENSG00000105323	E019	11.1074523346001	0.00928723757671362	16.9922227811807	3.7533245196768e-05	0.0323890859368558	1.190168669215	0.897526586508645	-1.07118796856395	19	41268078	41268222	145	+	12	13	14	16	13	22	16	3	9	11	7	10	5	4
NAPA	ENSG00000105402	E002	89.921332246159	0.0100285181389995	17.8941929350136	2.33532601886732e-05	0.0252277455262956	1.87552761358187	2.02322833192684	0.496254743632407	19	47489711	47489721	11	-	86	59	84	67	62	72	78	161	86	104	108	80	127	120
KCNN1	ENSG00000105642	E001	11.5744478454945	0.0180494652720934	21.8698485581092	2.91782748175629e-06	0.00855293969930053	0.863684331319901	1.22649943910195	1.32931301697864	19	17951293	17951409	117	+	9	6	7	4	5	5	4	19	18	11	17	22	22	21
GARS1	ENSG00000106105	E050	73.3314733051101	0.00239648932084664	21.4954681793358	3.54665831599365e-06	0.00963178516491982	1.81313045411603	1.91756844410577	0.351743348247493	7	30622317	30622462	146	+	68	52	64	53	68	69	61	80	82	93	94	98	81	98
GARS1	ENSG00000106105	E058	311.390008740275	0.0206099713349744	17.8233606892694	2.4238898842669e-05	0.0255782711387182	2.58780226974532	2.38103600563369	-0.689143063565786	7	30628670	30631447	2778	+	348	329	413	293	379	426	425	172	258	236	340	295	286	259
TMEM106B	ENSG00000106460	E038	231.029176957724	0.0107785792560916	20.0593706742957	7.5074763819385e-06	0.0147489964197083	2.42496763340894	2.29821341695768	-0.42291432487945	7	12237197	12243367	6171	+	374	334	266	135	276	203	251	168	208	220	274	203	246	173
COA1	ENSG00000106603	E001	67.2341498260632	0.00586554335629646	15.2776542088634	9.28079382349261e-05	0.0492517295117663	1.8845784700796	1.76572959929202	-0.400821810760351	7	43608456	43608818	363	-	68	86	74	57	87	80	93	72	48	68	52	56	72	45
RHEB	ENSG00000106615	E016	19.778407485601	0.00632856105062672	20.292934295636	6.64455092403681e-06	0.0136204192356587	1.16934114853847	1.4200389278019	0.878036261403824	7	151490943	151491014	72	-	15	16	7	12	13	16	14	19	22	36	25	23	29	41
MAPK10	ENSG00000109339	E142	3.4681026363849	0.0142524103362213	17.7416432808268	2.53026520141446e-05	0.0261041382539222	0.806298496289096	0.388843806771341	-1.89918250864828	4	86106807	86107222	416	-	4	4	7	6	4	6	6	1	3	1	1	1	3	1
SC5D	ENSG00000109929	E019	138.649121207633	0.00792410411335452	15.9012127976136	6.67359393785498e-05	0.0429705699542092	2.08821981453957	2.17190036764275	0.280059866293567	11	121307266	121307456	191	+	120	109	80	90	128	98	86	123	175	186	236	191	176	226
FOXRED1	ENSG00000110074	E022	138.63308424248	0.00259224272554939	16.5799629095795	4.66412008822009e-05	0.0361900443988069	2.09361048631522	2.18749582675404	0.314157818694018	11	126271437	126271657	221	+	123	94	91	96	164	124	137	163	168	160	174	159	179	180
FBXO3	ENSG00000110429	E022	10.2389504301536	0.054131690714682	17.8413477881392	2.4010853101909e-05	0.0255782711387182	1.20514055749579	0.797640963927815	-1.51122789496227	11	33753401	33754454	1054	-	15	20	11	8	14	18	20	1	10	4	4	3	11	6
OAS3	ENSG00000111331	E085	322.962770013506	0.00513402407028386	20.4509776996534	6.11782955438514e-06	0.0132915245153918	2.31976086585597	2.43133060781124	0.372198588535197	12	112973252	112976460	3209	+	129	79	82	47	226	91	87	2722	166	160	214	157	158	128
GAPDH	ENSG00000111640	E021	219.508573110807	0.00466813192937385	16.7107382962663	4.35338868507841e-05	0.0355725791359925	2.29848611866765	2.36958420462792	0.237283563360879	12	6537101	6537216	116	+	172	159	102	174	179	271	173	268	204	277	272	274	286	354
MED23	ENSG00000112282	E014	74.3021853358987	0.0109559292770633	17.2123545103703	3.34255531373085e-05	0.0311752368579129	1.94109081090083	1.78062399589541	-0.540549797031955	6	131591528	131591984	457	-	84	79	97	86	100	94	107	36	45	71	62	56	80	62
FAM162A	ENSG00000114023	E018	97.4486644629192	0.0289599321901993	18.8490016436187	1.41485134423187e-05	0.0204125466983828	2.04551527447532	1.92038488681825	-0.420058370663885	3	122404505	122407280	2776	+	108	111	120	80	124	138	142	42	83	101	82	105	82	79
FAM162A	ENSG00000114023	E025	1630.37351352975	0.0265124822498091	21.2567993838782	4.01682961556957e-06	0.0101614784261265	3.12835989264363	3.29133616091938	0.541731556832554	3	122409927	122412322	2396	+	1689	1323	1778	1258	1663	941	1355	1717	2112	2026	1961	1657	2007	2086
GNB4	ENSG00000114450	E007	25.6938814648852	0.0167638217146511	17.4451934497259	2.95711043253501e-05	0.0292026515281412	1.50892165786536	1.33357349586536	-0.605621734053924	3	179404514	179405189	676	-	27	30	25	22	31	31	38	22	21	21	30	27	24	19
KANSL3	ENSG00000114982	E019	51.1188980798786	0.0174529858517168	19.5276502539293	9.91540146404834e-06	0.0168045021374692	NA	NA	NA	2	96605512	96606834	1323	-	58	50	84	42	66	63	86	45	26	32	71	31	41	41
SLC35F5	ENSG00000115084	E029	12.2829248482636	0.0216452168636791	18.182915089087	2.0067094894507e-05	0.0239083252527007	0.93991512359871	1.24729991602272	1.11306112548046	2	113741909	113742599	691	-	6	5	8	7	10	11	6	9	30	21	15	15	13	23
USP34	ENSG00000115464	E069	43.6837153233137	0.00365398927380546	15.6530619205569	7.60892882525339e-05	0.0450098312376862	1.57754043787632	1.71935198425416	0.481966723230022	2	61248511	61248683	173	-	41	45	26	15	62	31	33	26	61	55	69	61	67	52
IL1RL1	ENSG00000115602	E018	3.13381421832459	0.0184285415901973	18.6117288768499	1.60231700384079e-05	0.0209129049815098	0.387438577616172	0.879381013239122	2.190641466071	2	102341188	102341357	170	+	1	0	2	0	0	8	20	1	0	2	4	0	9	0
TIA1	ENSG00000116001	E019	6.80905945532008	0.0102825313274647	15.8244434457544	6.94988612924878e-05	0.0432721162695466	1.02159525851134	0.696983758063498	-1.25767039778816	2	70216425	70216499	75	-	12	9	9	7	11	10	10	3	3	5	6	2	7	3
NFE2L2	ENSG00000116044	E054	4.13714487494411	0.0311519860471913	16.7482713155498	4.26811335349707e-05	0.0351871648656385	0.46422813676037	0.881040892053486	1.78806693714847	2	177234224	177234271	48	-	1	4	0	2	1	1	5	3	6	8	9	9	9	3
ICMT	ENSG00000116237	E008	152.739794856154	0.00225531749269305	16.5179524245128	4.81916198122858e-05	0.0368670922583619	2.13041761034648	2.23187925967762	0.339289200675615	1	6231902	6232119	218	-	176	142	101	114	121	147	130	156	188	201	162	166	177	216
DOCK7	ENSG00000116641	E118	13.189066652237	0.0387617761533672	15.4153878375412	8.62828185528261e-05	0.0483090217590655	0.970180158544646	1.30779359621524	1.21214146768046	1	62648106	62648318	213	-	12	9	16	1	11	11	5	23	17	11	34	16	19	10
FBXO2	ENSG00000116661	E018	21.3315621742182	0.00677717537148399	22.9162259830827	1.69217374793379e-06	0.00651028595897777	1.19355627269186	1.4543792227501	0.910327999474247	1	11654031	11654197	167	-	16	12	14	17	9	28	7	34	27	28	21	27	22	43
MRPS15	ENSG00000116898	E008	205.914727531428	0.0150317537044583	19.3183003488456	1.10640831565023e-05	0.0173152901399261	2.37231444855343	2.22682063931145	-0.485768536236759	1	36457982	36459126	1145	-	189	183	233	223	238	388	326	211	141	132	207	156	162	127
ACADM	ENSG00000117054	E042	157.271137175527	0.158638831575149	19.8105239232465	8.55105701083601e-06	0.0157912369819109	1.88818545944129	2.3764520302289	1.63469527095178	1	75742168	75744317	2150	+	64	28	159	140	62	24	26	348	345	311	153	173	178	237
ADGRL2	ENSG00000117114	E085	68.4607813559311	0.00717694472148888	15.3343635855402	9.00632501769898e-05	0.0489133501804309	1.90231961926322	1.75948416551163	-0.481631227497201	1	81989710	81990390	681	+	92	91	74	50	121	77	82	57	60	41	34	52	99	53
SSX2IP	ENSG00000117155	E012	11.3830545191955	0.0109100859477295	16.1356567280974	5.89634045369298e-05	0.0410897053427729	1.18785514340261	0.940109623184465	-0.902110834166902	1	84651998	84652441	444	-	14	22	13	11	14	14	17	9	6	9	4	9	13	5
RCN2	ENSG00000117906	E018	66.163527295207	0.023497425071608	17.7493965111204	2.51997419126427e-05	0.0261041382539222	1.90366898076105	1.72300553513184	-0.609589969732921	15	76948616	76948885	270	+	65	67	109	71	69	73	114	56	42	48	75	54	61	39
SGIP1	ENSG00000118473	E090	101.658947469536	0.00211376293971446	15.4014553798668	8.69213223510702e-05	0.0483476488780727	1.95129890069684	2.0501893029537	0.331826697931517	1	66743335	66743595	261	+	93	92	98	85	75	64	74	126	124	130	100	129	132	137
SPP1	ENSG00000118785	E017	12.8674348179491	0.0816780147603087	17.0991584739916	3.54780215091671e-05	0.0316508513627918	1.26940868790552	0.840551937291804	-1.56980924898308	4	87977098	87977661	564	+	15	20	24	11	13	32	29	2	5	4	13	3	8	3
SPP1	ENSG00000118785	E023	48.7087381183	0.0503745644112711	17.5225042143245	2.83927052993072e-05	0.0284376277470834	1.78809253972034	1.50059363732971	-0.977651000181998	4	87978425	87979198	774	+	47	79	73	56	47	77	111	15	21	35	68	26	18	14
SPP1	ENSG00000118785	E029	4.00515563563488	0.0146768894100573	21.4026933248797	3.72247906302022e-06	0.00982043155097062	0.821500051147147	0.353810982228206	-2.16143130887733	4	87980189	87980392	204	+	2	4	5	11	5	12	7	0	0	1	5	0	1	1
UBE2B	ENSG00000119048	E015	4.29629379114109	0.0363175005827717	15.3732504733709	8.82285031240076e-05	0.0483476488780727	0.859816261061439	0.494017789641823	-1.55845008765632	5	134388352	134388413	62	+	2	4	6	5	11	9	9	3	1	1	1	4	2	3
UBE2B	ENSG00000119048	E017	46.9987151487407	0.0712340660932707	15.2721504842377	9.30787545329856e-05	0.0492517295117663	1.8105762539287	1.45647997643078	-1.20512608744088	5	134389866	134390224	359	+	24	43	42	68	42	134	105	35	22	29	24	37	26	21
UBE2B	ENSG00000119048	E024	1920.16514099757	0.0118797678938267	16.2166130566119	5.64964901180697e-05	0.0402826518536832	3.24084058288725	3.32467400418665	0.278634127256302	5	134390784	134392108	1325	+	1538	1556	1957	2342	1524	1691	1786	2882	2012	2336	1874	1854	1752	2013
PCMT1	ENSG00000120265	E023	10.4511455294753	0.00859192520438808	24.7540529968066	6.51316980446897e-07	0.00343653447940367	1.20518697982825	0.843088089282727	-1.33350131354563	6	149810040	149810123	84	+	9	11	14	19	8	18	16	8	11	4	8	6	8	4
ALG5	ENSG00000120697	E021	20.6560709061973	0.00660379105127768	17.8936202596097	2.33602885417043e-05	0.0252277455262956	1.22747595596144	1.43143218702631	0.711171231853587	13	36965575	36965726	152	-	21	15	24	12	18	12	15	21	25	30	28	30	29	21
CLU	ENSG00000120885	E007	253.678659623347	0.0194192405302325	55.2190579347926	1.0781827043177e-13	9.95540000031748e-09	2.53806744645524	2.17314506834139	-1.21777658056201	8	27598636	27599779	1144	-	160	240	322	312	204	710	559	228	112	85	228	117	114	152
GTF3A	ENSG00000122034	E020	685.617907225778	0.000896561277002518	19.4133817093297	1.05266879703547e-05	0.0170638988875993	2.81610503086765	2.84503769981168	0.0962544557885909	13	27434805	27435034	230	+	591	551	514	859	563	698	773	964	589	681	705	625	765	828
ZC3H7A	ENSG00000122299	E012	145.084880911298	0.0104969507983214	19.7672469421232	8.74688009104407e-06	0.0159929341229021	2.21760817476493	2.0876435005656	-0.434804519886343	16	11758540	11759850	1311	-	106	171	220	135	175	188	226	128	124	122	132	131	112	94
TUBA1B	ENSG00000123416	E007	11.2739442743338	0.0077166812170055	24.3674551814113	7.96021780309742e-07	0.00376926518384103	1.21310091563428	0.936245830145585	-1.00612565588343	12	49128981	49129241	261	-	11	13	17	10	15	16	18	7	8	11	12	8	4	11
TUBA1B	ENSG00000123416	E013	6131.32374129238	0.00795433117741306	34.7722883293012	3.70611371858574e-09	7.60453356012476e-05	3.75497798855842	3.81297757672748	0.192702174014711	12	49129500	49129722	223	-	4710	5719	4104	5685	5342	4722	5941	6416	5845	7873	7894	7469	6093	10336
PLP1	ENSG00000123560	E042	43.5137610980256	0.0255459060409279	16.7865826966716	4.18280105306743e-05	0.0346918252330152	1.74118522666097	1.52185488677184	-0.746226624970473	X	103786948	103786990	43	+	37	25	104	79	57	13	60	17	48	26	68	47	16	19
PIGT	ENSG00000124155	E086	297.700059962227	0.0112006858293882	21.2983474397964	3.93070209220695e-06	0.0100817049356647	2.40638213587311	2.54198291191995	0.451979064437271	20	45425574	45425826	253	+	243	195	331	291	301	308	279	306	244	346	506	371	293	277
VAMP7	ENSG00000124333	E015	4.74144569231687	0.0619975134501983	15.8303066029819	6.92838474013323e-05	0.0432721162695466	0.90390626108075	0.537184541416079	-1.5206409447777	X	155939701	155939790	90	+	9	6	11	5	7	7	5	0	2	1	7	2	6	0
STAMBP	ENSG00000124356	E058	26.3318785147072	0.0119159384849402	17.9144878630875	2.31055508445241e-05	0.0252277455262956	1.52051075312257	1.33095853362693	-0.654444517299795	2	73858192	73859253	1062	+	29	28	55	28	40	21	28	11	17	19	42	28	20	13
MRS2	ENSG00000124532	E019	27.5246253870566	0.00437416764787914	15.6714475155572	7.53531710656688e-05	0.0448799718411548	1.52061327550719	1.35696844630726	-0.564292749623071	6	24422937	24423050	114	+	39	31	30	34	40	27	37	20	26	11	24	19	32	21
TBC1D20	ENSG00000125875	E001	19.4119964589377	0.0184310424892302	16.1582242500086	5.8265030870351e-05	0.0410445313560997	1.42346989099615	1.15842610973412	-0.928810487108264	20	423596	424274	679	-	37	19	30	16	34	21	24	12	7	14	19	17	10	20
RBM42	ENSG00000126254	E017	281.012857113477	0.00412236216406871	17.0338876822507	3.67186157230987e-05	0.0321233578062357	2.47607696259263	2.40007271612723	-0.253405979147629	19	35633687	35634019	333	+	273	211	355	492	283	290	321	279	150	240	302	248	187	304
BECN1	ENSG00000126581	E032	191.353479161164	0.0104359024427314	23.1027134585452	1.53573819958994e-06	0.00603414411315476	2.22016973228413	2.3412781657672	0.404439446188026	17	42818221	42818415	195	-	171	179	161	116	206	179	148	201	211	229	279	200	229	269
KTN1	ENSG00000126777	E064	6.30159674365286	0.0100609444079097	15.2764632893684	9.28664713242177e-05	0.0492517295117663	0.992628369415343	0.671570954374844	-1.25738874008247	14	55667241	55667330	90	+	12	6	12	5	8	7	13	6	3	6	5	3	2	2
OMG	ENSG00000126861	E002	39.3818987955158	0.0514103654213308	18.6177813744916	1.59723805896329e-05	0.0209129049815098	1.70997131402146	1.44250747016235	-0.913128372269401	17	31272449	31272765	317	-	26	54	49	76	28	45	71	26	36	28	36	21	29	17
OMG	ENSG00000126861	E006	9465.02758290274	0.0250573271602866	17.8293806096544	2.41623352456895e-05	0.0255782711387182	3.91646115338062	4.03187268427728	0.383429619739582	17	31294647	31296337	1691	-	9026	6317	10798	8250	8101	7759	8421	10257	10423	11131	15505	11690	9094	9844
MAP2K2	ENSG00000126934	E015	41.7407800763963	0.0208502474563252	18.2557643976759	1.93140572517031e-05	0.0233119408671374	1.72192818555431	1.50288593628426	-0.746058429833143	19	4098390	4099194	805	-	40	46	34	30	56	80	87	39	31	38	29	32	25	28
YWHAH-AS1	ENSG00000128254	E014	18.0103952466389	0.00522385447450247	17.64849674964	2.65725213589703e-05	0.0271113122616633	1.38460823272988	1.16018818047476	-0.788122688550718	22	31928600	31928984	385	-	30	22	23	12	29	13	25	10	20	19	13	11	17	16
CCDC136	ENSG00000128596	E014	305.406927340037	0.00662871244369332	17.8340978384028	2.41025096144983e-05	0.0255782711387182	2.4301814093386	2.53835033670462	0.360514584347742	7	128794348	128794522	175	+	358	312	146	214	412	251	232	308	323	371	310	347	431	405
CHN1	ENSG00000128656	E017	201.967582301315	0.0270220149046935	18.7832642630342	1.464465740496e-05	0.0204880975982876	2.40650366967797	2.18877677052813	-0.726975342059122	2	174801813	174802057	245	-	228	157	258	210	206	266	347	289	152	139	172	140	152	146
DLL4	ENSG00000128917	E011	15.4727358248794	0.00706281654552984	15.2539047372046	9.39822557850875e-05	0.0495075292660094	1.09024768951668	1.3041691222886	0.759412669858462	15	40934548	40934717	170	+	7	8	4	7	7	20	19	9	12	19	12	33	59	13
PDHA1	ENSG00000131828	E017	194.954121116304	0.0133438959400369	19.6753370361824	9.17782618361658e-06	0.0163445639473165	2.35776739540163	2.21116199489608	-0.489567828182104	X	19354951	19355348	398	+	192	185	264	192	238	209	310	197	152	175	187	145	199	140
SLC6A11	ENSG00000132164	E010	7.49672779502469	0.0226366927788929	17.5606611204548	2.78286132795224e-05	0.0281745813537723	0.770415410560163	1.06862838760504	1.13011101962989	3	10918329	10918453	125	+	6	1	4	7	4	7	10	10	5	13	14	10	11	7
RAN	ENSG00000132341	E021	17.6458675450443	0.012075210534754	18.7046166114988	1.52612547253582e-05	0.0209129049815098	1.37426694468932	1.12792299283122	-0.867745554652987	12	130874085	130874545	461	+	16	18	25	24	24	24	23	13	16	15	21	11	14	5
INPP5K	ENSG00000132376	E022	17.6381229383271	0.00679728334469796	16.0743734301168	6.09026435223485e-05	0.0416756168418021	1.3539432838522	1.140747929341	-0.751201985573403	17	1507090	1507705	616	-	16	12	25	29	18	31	22	11	15	15	18	11	15	9
POPDC3	ENSG00000132429	E007	147.916696238926	0.00560605879568199	16.308615242029	5.38187114827349e-05	0.039283404938801	2.20998467020518	2.12219193099162	-0.293647892456343	6	105161425	105161795	371	-	114	153	108	184	129	228	156	132	156	162	118	141	124	177
DAP3	ENSG00000132676	E057	125.852037102052	0.00317498539698773	17.4217682712799	2.99377710015781e-05	0.0293926118051317	2.0561528221199	2.13922913523141	0.278198571974349	1	155738609	155738971	363	+	131	98	128	132	110	101	93	150	134	143	166	141	134	139
NASP	ENSG00000132780	E038	8.88605225181398	0.0237940170492247	15.6971873125055	7.43346276765248e-05	0.0445694016007267	1.1283197818913	0.78633263228074	-1.28214855590869	1	45614293	45614366	74	+	7	15	12	11	12	14	16	2	4	5	6	10	7	4
GPALPP1	ENSG00000133114	E017	72.4351684111561	0.0185933589676733	15.6086390677299	7.78978749300362e-05	0.0456679382962851	1.95187047958763	1.76357286800353	-0.634385218900056	13	45028004	45029238	1235	+	96	89	88	54	98	95	88	30	62	62	69	69	82	61
RTN3	ENSG00000133318	E024	14.4351273840763	0.0193933684805257	36.632436811647	1.42638370747253e-09	3.7630039894136e-05	1.36607507992424	0.937160947261781	-1.53852206928917	11	63753662	63753708	47	+	19	18	26	14	18	25	23	6	9	9	13	7	9	9
LARGE1	ENSG00000133424	E001	103.349129173872	0.0400348062878885	20.7190266739118	5.31849020134465e-06	0.0124148870069952	NA	NA	NA	22	33162226	33164364	2139	-	106	113	167	82	137	151	136	73	53	83	97	71	116	100
LARS1	ENSG00000133706	E022	107.908055629183	0.0188667516002748	19.651461263948	9.29322150034242e-06	0.0163445639473165	2.12517801924715	1.90750884756329	-0.730188837950348	5	146131110	146132897	1788	-	150	167	116	123	158	99	147	58	92	78	100	59	93	90
MICAL2	ENSG00000133816	E046	171.736664824139	0.00373436567662497	15.5710112495074	7.94636099548635e-05	0.0462919395910556	2.18717808275583	2.28150398291702	0.315185002098736	11	12224673	12224820	148	+	182	193	97	112	189	151	152	185	173	191	189	231	199	235
MICAL2	ENSG00000133816	E049	144.43388729231	0.00705694792884822	15.866823385544	6.79596817961935e-05	0.0429705699542092	2.09966404512783	2.2189191999842	0.3989302933013	11	12226207	12226370	164	+	142	147	67	74	147	155	148	148	169	168	163	192	153	220
MICAL2	ENSG00000133816	E068	1170.05797192351	0.0058581435767589	26.5646362571664	2.54866508989054e-07	0.00196109159229202	3.11841604194423	3.0105888447118	-0.358504015140646	11	12253234	12255642	2409	+	1546	1443	1060	739	1581	1241	1711	874	1005	885	866	1278	1453	1203
MTO1	ENSG00000135297	E076	65.7992303302698	0.00507283525314557	27.8474686078566	1.31265698262882e-07	0.0012758334999056	1.89325051424637	1.73223118464387	-0.543305997154524	6	73502428	73509236	6809	+	63	82	75	67	75	94	85	43	62	67	51	55	56	58
FAIM2	ENSG00000135472	E010	9.235869130643	0.0194869974977446	16.7214409488792	4.3288990680073e-05	0.0355296795950626	1.12527557289869	0.835392049427983	-1.07842512658304	12	49890117	49890154	38	-	11	13	12	12	10	17	10	6	8	3	10	7	2	8
AHI1	ENSG00000135541	E025	121.855686244284	0.0148892463306665	36.3141434848859	1.67940681309769e-09	3.87670070218437e-05	2.19924621069847	1.93194642600796	-0.895776974508496	6	135290755	135293385	2631	-	221	150	187	94	203	102	192	46	68	67	82	69	163	119
KCNK1	ENSG00000135750	E003	208.195019978844	0.0316415127760814	16.8426228859814	4.0610878204067e-05	0.0341594256687395	2.1613587741	2.39729743260833	0.787964628205921	1	233629607	233629914	308	+	160	141	125	75	118	135	83	234	359	273	357	238	276	484
GPR55	ENSG00000135898	E003	84.9125500288485	0.0267395285466615	15.7411309590379	7.2627643795271e-05	0.0440100449679335	2.0030705378925	1.84395206488387	-0.534997026336428	2	230907328	230908310	983	-	94	109	68	71	45	125	191	73	88	59	63	39	85	95
GPR55	ENSG00000135898	E007	45.1991545239093	0.0238493054202081	20.6268154282504	5.58089255123326e-06	0.0127237460177314	1.55759373804613	1.7506360271677	0.655944445230348	2	230910237	230911096	860	-	30	45	26	25	25	45	52	44	90	62	52	57	57	41
COX5B	ENSG00000135940	E001	36.1089246178462	0.00722946580547482	23.8182781871415	1.05872315425304e-06	0.00465510487847402	1.44680711132726	1.64329632860687	0.672054719755169	2	97646062	97646096	35	+	23	17	15	52	20	22	33	60	46	45	40	51	38	48
ITM2B	ENSG00000136156	E015	22.0079351182353	0.0157936763451012	20.2164899668474	6.91542452685366e-06	0.0138812113845007	1.46238115470691	1.21496990818887	-0.861992575148868	13	48255337	48255437	101	+	21	22	40	21	22	37	37	19	19	18	20	6	14	16
ITM2B	ENSG00000136156	E016	13.6282621705853	0.0320709890980454	18.6008220652607	1.61151042955614e-05	0.0209129049815098	1.28475992421593	0.952049350635969	-1.19917679971908	13	48256177	48256268	92	+	12	19	20	29	9	22	17	5	7	8	9	8	6	15
TACO1	ENSG00000136463	E003	330.389107421022	0.00434965232778021	19.7403102886194	8.8710320938304e-06	0.0160609166349771	2.48803163072289	2.54559909720131	0.191818961614073	17	63601084	63601363	280	+	284	310	248	312	318	302	338	453	323	383	383	339	365	362
TACO1	ENSG00000136463	E005	47.9940587542141	0.0104291785327235	18.3234320985935	1.86400310620363e-05	0.0227963876571274	1.76233787316841	1.59332254825842	-0.573580006265577	17	63606441	63607286	846	+	44	37	66	58	54	66	69	55	36	32	37	44	42	39
VPS45	ENSG00000136631	E073	203.795778288365	0.00209427899980783	16.0104037630797	6.29953593251774e-05	0.0423508263733704	2.2777038401052	2.33630939967003	0.195649069616257	1	150144709	150144925	217	+	181	150	224	196	184	188	227	309	203	202	226	179	208	233
CDK9	ENSG00000136807	E001	24.516599674765	0.0119498709373755	22.6578263217548	1.93570157443325e-06	0.00713336842731854	1.50727456570409	1.2553774537298	-0.873649153485949	9	127785679	127785832	154	+	30	29	34	29	40	30	34	16	14	13	11	16	27	25
TXN	ENSG00000136810	E005	17.3112247151325	0.0461958532503679	17.2864319290343	3.21474120318168e-05	0.0304444234867468	1.36642901047127	1.11981815798345	-0.8696618075264	9	110244844	110245116	273	-	19	19	23	27	18	19	25	18	5	7	22	16	14	11
ATP6V1G1	ENSG00000136888	E013	18.7935465952906	0.027485844774341	18.3391535980996	1.84868450643219e-05	0.0227762902346571	1.39499298700289	1.1447195480304	-0.879363074199606	9	114592680	114593482	803	+	21	24	31	23	20	27	26	14	13	8	25	11	10	12
TLN1	ENSG00000137076	E073	23.4949576313897	0.0071821972226991	22.0527842239365	2.65254650006576e-06	0.00816409603611908	1.266959732272	1.49178041194922	0.779789360434511	9	35732105	35732195	91	-	18	11	20	18	22	17	23	32	27	29	30	29	34	31
RDX	ENSG00000137710	E008	29.6857182813919	0.0109498206671693	40.9908628959824	1.5294257587515e-10	5.64878109737279e-06	1.60859827066514	1.28335649993324	-1.12161431086102	11	110185073	110185619	547	-	33	37	49	39	29	40	58	22	13	22	25	29	9	11
ADCY3	ENSG00000138031	E052	7.81763815046209	0.0418883664277898	16.6421674615989	4.51363054652852e-05	0.0361900443988069	1.09892070456859	0.696723044917177	-1.54015703189949	2	24919840	24920237	398	-	11	20	7	3	17	15	10	0	2	4	3	5	10	5
METTL5	ENSG00000138382	E014	41.4747060768502	0.00457523033321316	17.0680909526929	3.60631747435148e-05	0.0320182042302157	1.55669601533041	1.69213898280159	0.460923263645454	2	169821092	169821229	138	-	26	33	47	39	42	34	46	54	39	51	56	35	56	38
UTP4	ENSG00000141076	E042	23.8882604570321	0.0207423300229711	26.4287295976123	2.73442999807149e-07	0.00201986875097545	1.51835530500611	1.20963136690093	-1.07304519767663	16	69165527	69167074	1548	+	39	32	26	34	37	27	28	20	11	7	24	15	18	18
TMEM50B	ENSG00000142188	E001	95.8209364350031	0.0205629853522629	18.7092077241705	1.52245541641219e-05	0.0209129049815098	2.0661912121139	1.86189233851345	-0.686190858618447	21	33432485	33432797	313	-	73	89	139	126	105	132	186	93	62	66	72	80	87	40
TMEM50B	ENSG00000142188	E013	2013.64725257826	0.00368443089988794	18.5499306063637	1.6551125404439e-05	0.0210792850237086	3.28570771376901	3.32013529662353	0.114422932486054	21	33449411	33450520	1110	-	1801	1673	2048	2412	1900	1957	2251	2638	2110	2003	2070	1761	2041	1863
WTIP	ENSG00000142279	E001	17.2613635275425	0.0302338084931117	18.000194222987	2.20882432687902e-05	0.0249759027347561	1.35221133908706	1.09301758549354	-0.916863232724108	19	34481758	34482527	770	+	18	20	16	22	26	33	32	10	8	9	9	12	9	19
ATP1B1	ENSG00000143153	E024	6.50801160531769	0.00917873333108785	16.5012973666981	4.86167965867316e-05	0.0368670922583619	1.00408172074407	0.681980930096882	-1.25588036095138	1	169116251	169116323	73	+	10	5	8	13	7	7	10	6	4	5	5	3	3	4
CALM2	ENSG00000143933	E013	103.002934448514	0.0267433109013408	24.5094185408061	7.39474779941887e-07	0.00359365283189127	2.13774806873905	1.86670629286847	-0.909581184121904	2	47162663	47163542	880	-	120	89	187	124	104	106	161	81	55	68	143	76	85	70
RPS27A	ENSG00000143947	E023	22.0151278373488	0.0123794158125657	15.8110701452103	6.99918022435115e-05	0.0432725837247608	1.40594506850892	1.26960853846476	-0.474813055060146	2	55234963	55235184	222	+	22	21	40	32	31	20	32	20	8	14	20	16	15	20
METTL21A	ENSG00000144401	E005	64.1938239146407	0.00608714625050515	19.5423241045922	9.8395297127116e-06	0.0168045021374692	1.85297797440753	1.77027961686842	-0.279030197771236	2	207581947	207582160	214	-	65	68	53	58	70	67	88	60	61	60	55	46	88	81
TMEM181	ENSG00000146433	E020	2.84723956056616	0.069075240869895	15.3860525780518	8.76327447659808e-05	0.0483476488780727	0.741306233108779	0.286993314799895	-2.26857023650004	6	158573420	158573523	104	+	6	7	2	6	1	6	3	0	0	3	0	1	2	1
GNA12	ENSG00000146535	E026	10.6839844692046	0.155762840564665	24.0391089998989	9.43986909440489e-07	0.00425552739118651	0.625097411028108	1.30829157924803	2.58718404855411	7	2845245	2846132	888	-	2	10	3	2	1	0	6	13	24	24	15	33	7	16
HDAC8	ENSG00000147099	E052	9.72451657175699	0.00846254704300931	16.2232683983741	5.62983644944794e-05	0.0402826518536832	0.873807854772775	1.13769685738858	0.974620473317512	X	72474535	72474729	195	-	10	2	10	6	7	2	6	11	13	17	15	17	15	12
AOPEP	ENSG00000148120	E042	7.70863012261331	0.0188671448953298	23.6291051836802	1.16807353162025e-06	0.00501646835079793	1.07252073705663	0.74258035852335	-1.25635358861954	9	95048768	95049055	288	+	7	11	16	9	10	9	13	3	5	7	8	5	4	2
CRB2	ENSG00000148204	E010	108.17761945079	0.00188585973956563	16.9926847035259	3.75241148653288e-05	0.0323890859368558	1.99732132585052	2.08194098258615	0.283694108263377	9	123371070	123371578	509	+	59	75	155	58	83	85	151	76	92	110	274	189	70	115
ZEB1	ENSG00000148516	E027	3.04336372055574	0.100605915195399	18.2731535889604	1.91385436831076e-05	0.0232520714602598	0.796302468976571	0.224993781240443	-2.95297200975685	10	31381723	31381829	107	+	1	4	3	5	3	8	13	1	1	0	1	0	2	0
FEZ1	ENSG00000149557	E008	19.6731753258376	0.0125498625122094	15.8661365201727	6.79843523586485e-05	0.0429705699542092	1.40868025652256	1.19493226073694	-0.747796679279888	11	125451411	125451520	110	-	16	23	30	31	21	14	22	14	25	12	24	18	15	11
CDH8	ENSG00000150394	E002	152.441892449878	0.00922271335455489	20.5841620597758	5.70662749688677e-06	0.0128517426810985	2.25337339302455	2.10132769637684	-0.508482460890342	16	61647250	61647888	639	-	99	125	161	259	132	177	153	189	114	185	103	179	88	154
FAM177A1	ENSG00000151327	E036	99.8208487435439	0.0284151056359514	16.3790131844722	5.18562344841703e-05	0.0381525530764611	2.09139783908658	1.89858016343223	-0.647127845358995	14	35099696	35102680	2985	+	97	120	158	83	101	108	159	68	95	74	95	110	91	69
TMEM132D	ENSG00000151952	E006	11.3633545566275	0.00753266989130501	18.657676490605	1.564162291991e-05	0.0209129049815098	1.22687104238126	0.936135104203142	-1.05521832773758	12	129084703	129086000	1298	-	12	13	10	11	17	18	16	8	8	9	10	14	11	5
SPEF2	ENSG00000152582	E065	2.89044975952958	0.0192456619988443	18.8582775301861	1.40798773562418e-05	0.0204125466983828	NA	NA	NA	5	35793159	35793341	183	+	7	1	6	3	4	8	4	1	0	3	1	1	1	1
SRP19	ENSG00000153037	E025	335.75791228093	0.00454048786832885	48.603655799507	3.13284684895495e-12	1.92847609198837e-07	2.5883733079286	2.45012113316896	-0.460663305724413	5	112893080	112898371	5292	+	307	363	412	426	306	385	402	332	297	328	322	290	252	308
LPCAT1	ENSG00000153395	E008	18.5717099842187	0.0333953501599069	15.3594832903553	8.88737209547134e-05	0.0485571303216181	1.4060263024926	1.1194797535656	-1.00805693545743	5	1467181	1467325	145	-	20	22	23	11	21	41	41	14	6	9	14	11	16	17
PIEZO2	ENSG00000154864	E014	142.630717863889	0.0168635306374989	17.1525468553961	3.44946591156951e-05	0.0316508513627918	2.24459412684105	2.05240616357219	-0.643040628972502	18	10675289	10677267	1979	-	80	123	326	199	95	148	181	30	115	122	258	215	88	50
ZFYVE27	ENSG00000155256	E023	10.8281465415628	0.0586934108473764	15.5894374232952	7.86929595702999e-05	0.045988065961542	1.22661482546308	0.839191278002223	-1.42441937439122	10	97757642	97757723	82	+	13	14	22	5	13	21	24	2	8	7	9	3	7	8
RBM45	ENSG00000155636	E019	278.514306673217	0.00586339842404104	16.009307628847	6.30318417849279e-05	0.0423508263733704	2.48049134838926	2.40340573963893	-0.257003022521458	2	178136777	178139011	2235	+	258	221	426	350	309	229	320	244	251	265	287	260	306	241
RMND1	ENSG00000155906	E045	259.283515058213	0.013823587434509	18.4073289065546	1.78370608668746e-05	0.0225614385636009	2.34804837383268	2.47659869794404	0.428699980517557	6	151445308	151445825	518	-	327	219	187	195	266	183	216	298	329	320	294	263	330	315
NPTN	ENSG00000156642	E009	92.7276932340968	0.00987477434225672	15.9385107192117	6.54337379941199e-05	0.0429705699542092	2.03207716787582	1.90263637342056	-0.434697055366194	15	73563258	73563492	235	-	90	92	136	82	107	112	100	85	88	74	75	83	99	103
CABP1	ENSG00000157782	E009	385.251345611267	0.0060801778855604	18.0607223777312	2.13970199045783e-05	0.0248213902923653	2.53837402349313	2.62075011659066	0.274370944341717	12	120660196	120660339	144	+	394	307	160	373	270	393	307	458	324	434	453	492	487	675
CABP1	ENSG00000157782	E012	1266.98602092461	0.00432685586298798	25.0329702058828	5.63583212445646e-07	0.00343653447940367	3.06639612355888	3.12936928618836	0.209359577794467	12	120661071	120661218	148	+	1266	952	594	1306	780	1347	1149	1713	1268	1449	1289	1353	1684	1923
AP3S2	ENSG00000157823	E011	20.6395931147467	0.0553469179781427	24.8114868561807	6.32196040790971e-07	0.00343653447940367	1.50408749778195	1.05623592650558	-1.5744771710501	15	89889141	89889479	339	-	11	26	27	39	21	36	42	18	21	5	10	10	6	10
DYNC1I1	ENSG00000158560	E031	4.9065322706365	0.0226346286090482	20.3705214141422	6.38051437598976e-06	0.0135365930240294	0.972544703629382	0.496752278854742	-1.97147517975019	7	96055768	96056164	397	+	12	6	6	7	5	9	4	6	0	3	5	3	1	1
PPP1R15B	ENSG00000158615	E004	13.8378828961337	0.0379000362382582	15.3740311287407	8.81920581728819e-05	0.0483476488780727	1.26530511697294	0.991085395257282	-0.985744055060357	1	204400790	204401599	810	-	14	27	19	10	18	18	35	2	6	6	11	6	13	13
PINK1	ENSG00000158828	E001	161.218482212741	0.0429275069682352	15.8218704790121	6.95934289925562e-05	0.0432721162695466	2.31564215875791	2.09572828352067	-0.735166031948998	1	20633458	20633678	221	+	250	199	105	155	213	187	151	117	71	134	114	102	136	373
KALRN	ENSG00000160145	E069	145.096449573629	0.00705814933431577	27.1682889411553	1.86492606985287e-07	0.00156543589690786	NA	NA	NA	3	124398697	124398871	175	+	143	101	91	88	121	99	85	192	145	209	187	185	211	255
SLX9	ENSG00000160256	E009	4.2874920878997	0.0166271228359655	16.5986356925917	4.61842323368772e-05	0.0361900443988069	0.876711843866289	0.480987413866199	-1.68754250388342	21	44973056	44973196	141	+	4	4	10	4	6	9	9	2	3	0	3	3	3	1
SPTBN4	ENSG00000160460	E043	815.380970616675	0.0030310813559671	17.9806996185914	2.2315611367492e-05	0.0249759027347561	2.94556189530501	2.87507162674287	-0.234452149678241	19	40567663	40568282	620	+	956	821	600	627	1087	1057	960	779	626	791	677	744	1038	967
PACRGL	ENSG00000163138	E063	326.249537704572	0.00619619041156967	15.7974699519409	7.0496713719029e-05	0.0432725837247608	2.52890717491497	2.49667073939848	-0.107417022452552	4	20727590	20728316	727	+	360	294	374	312	335	329	334	356	372	310	266	316	357	339
MTMR14	ENSG00000163719	E026	10.7803515599408	0.0151891052068964	15.7722225759425	7.1443765236194e-05	0.0436842536482775	1.18833388986869	0.894199282774163	-1.07733393110358	3	9683245	9683728	484	+	16	15	13	7	16	15	23	10	5	7	5	7	9	6
MON1A	ENSG00000164077	E001	8.51013395363907	0.026150348537733	17.5544409932765	2.79197941611541e-05	0.0281745813537723	1.12361598132279	0.75865146101923	-1.37590056076423	3	49907160	49908872	1713	-	14	14	9	6	13	18	10	4	8	9	3	6	3	3
SEPTIN8	ENSG00000164402	E017	120.371991161965	0.00971790782939276	17.1075713577073	3.53212142985516e-05	0.0316508513627918	2.00004002560983	2.1551559084201	0.519653603708304	5	132761501	132761626	126	-	94	96	108	96	89	128	88	90	166	160	204	190	107	122
STK32C	ENSG00000165752	E004	34.3094527899012	0.00342540677694589	18.3377713123526	1.8500262821241e-05	0.0227762902346571	1.42158146100195	1.62930749523854	0.711485263551788	10	132222641	132222772	132	-	22	21	21	35	23	30	23	63	42	47	40	38	30	53
STXBP4	ENSG00000166263	E024	5.28018767592172	0.0117301505553657	25.401046727152	4.65665380745969e-07	0.00307122949508422	0.544083710519099	0.989302130848298	1.80838329608544	17	55043612	55044776	1165	+	4	2	4	4	2	2	2	10	7	4	13	8	9	6
CENPV	ENSG00000166582	E015	40.8803663752245	0.020014204288597	19.4308781433185	1.04306924885981e-05	0.0170638988875993	1.71153069631538	1.48207288677095	-0.782280829484733	17	16353225	16353445	221	-	57	64	45	36	45	74	51	29	18	20	22	31	35	51
HSP90B1	ENSG00000166598	E059	184.557138898001	0.0297477364188884	24.8482198102461	6.20262994498948e-07	0.00343653447940367	2.39452263847632	2.10121992523129	-0.979975487307388	12	103944230	103946617	2388	+	214	174	282	253	172	230	306	90	174	142	160	117	177	115
HSP90B1	ENSG00000166598	E063	12.3544645853653	0.0210928538134608	20.6976511891498	5.37819332084052e-06	0.0124148870069952	1.26666104594649	0.921858380473023	-1.24909658305076	12	103946942	103947310	369	+	11	21	21	11	17	20	16	13	2	10	7	8	9	8
TVP23A	ENSG00000166676	E006	23.7000777950028	0.0118754421136072	15.8837168824351	6.73557339731319e-05	0.0429705699542092	1.47616242113905	1.27783436225303	-0.687984339750502	16	10766154	10766643	490	-	37	29	34	22	34	23	31	13	18	17	17	17	16	31
COG1	ENSG00000166685	E013	61.3059841951087	0.00674858065843816	19.8171860288265	8.52130520241539e-06	0.0157912369819109	1.8746202587747	1.71240494532098	-0.54773222880497	17	73205136	73205552	417	+	65	65	80	41	86	60	77	56	61	49	68	56	73	49
ZNF667-AS1	ENSG00000166770	E046	10.6458610928669	0.0282069790323289	19.5270102729604	9.91872384785913e-06	0.0168045021374692	0.815292978805896	1.1902404696171	1.38888786666986	19	56502742	56504362	1621	+	4	7	7	3	7	1	5	25	12	16	21	7	28	14
CCNDBP1	ENSG00000166946	E014	35.4507315322528	0.0184078511567348	21.9602696244747	2.78353418251913e-06	0.00829089124977109	1.65701371439292	1.42737764238735	-0.785658257238677	15	43188452	43189198	747	+	34	39	51	51	42	37	49	43	22	21	35	23	22	28
MS4A8	ENSG00000166959	E028	6.60702626473023	0.0290078853889764	16.9015561968433	3.93692930315009e-05	0.0335038126457478	0.951078489199516	0.76071548069067	-0.736030836702223	11	60715387	60715807	421	+	3	1	15	17	4	11	3	5	7	7	7	3	3	4
HDHD2	ENSG00000167220	E010	8.00926269472132	0.0228092053047159	17.4126463054509	3.00817871401413e-05	0.0293926118051317	1.09697432014066	0.755941489903128	-1.29086495105054	18	47137297	47137338	42	-	8	6	13	12	12	11	14	4	5	3	3	11	7	4
VWA3B	ENSG00000168658	E059	4.10722242863037	0.0216788620403994	18.1619712938805	2.02889988832987e-05	0.0240177527165306	0.867058400438566	0.452366594462986	-1.79489801179539	2	98290623	98292103	1481	+	9	1	14	2	10	4	7	2	5	2	1	0	2	1
MAP2K1	ENSG00000169032	E017	17.1709974488997	0.021604136965358	20.3496364061403	6.45053439169648e-06	0.0135365930240294	1.39453961584306	1.10083189476894	-1.0354765420664	15	66486578	66487227	650	+	24	20	32	11	28	15	24	10	17	11	12	10	13	21
TOR1AIP2	ENSG00000169905	E002	1716.39164276036	0.0069356240705864	21.0098356209573	4.56931617185353e-06	0.011102837071792	3.26835194988096	3.19108001050452	-0.2568433658285	1	179839976	179846828	6853	-	1604	1540	2429	1806	1741	2157	2225	1511	1631	1583	1848	1405	1491	1473
TOR1AIP2	ENSG00000169905	E006	1961.39988090418	0.00712842002857466	17.109330701593	3.528851017355e-05	0.0316508513627918	3.26151599171471	3.32328645225057	0.205301827490517	1	179859030	179865064	6035	-	1856	1595	2384	1948	1824	1631	2023	2237	2236	2298	2292	1722	1846	2149
NSG2	ENSG00000170091	E022	38.5681720998057	0.0104574476803614	19.1025363489546	1.23880146619905e-05	0.0187515956363097	1.68280910710565	1.48631036108275	-0.670360096746415	5	174242682	174243501	820	+	34	46	52	42	57	51	37	41	24	41	32	28	34	27
FRMPD2	ENSG00000170324	E010	26.4744190661604	0.0110577308507168	43.3648369043952	4.54278607207482e-11	2.09729075982514e-06	1.59499822681698	1.26720652283853	-1.13193178993397	10	48158893	48159238	346	-	11	39	29	41	45	9	27	24	11	30	26	18	29	35
GPRC5C	ENSG00000170412	E020	13.2574915845955	0.00717256134053315	16.5926820603216	4.63294413144205e-05	0.0361900443988069	1.26325692236843	1.00216317117912	-0.937624505354623	17	74445204	74446848	1645	+	15	11	31	11	22	13	23	14	4	5	15	9	4	14
HOPX	ENSG00000171476	E005	92.0064746395383	0.0366639500574706	18.5935936742716	1.61763246323563e-05	0.0209129049815098	2.07128387969295	1.81290995998236	-0.868372248260884	4	56648798	56650682	1885	-	91	110	183	69	116	125	170	69	64	37	79	55	83	67
COPRS	ENSG00000172301	E005	10.468755688579	0.0274766626220623	24.767843479913	6.46673589492548e-07	0.00343653447940367	1.20428739235804	0.81455174198175	-1.44162220777166	17	31856565	31856711	147	-	13	13	14	14	23	13	18	8	4	5	6	2	9	6
ZNG1A	ENSG00000172785	E044	18.2737164500945	0.0310034842993631	16.7889131561657	4.17766721354961e-05	0.0346918252330152	1.39447432398856	1.12562618523844	-0.946008525048333	9	152914	154708	1795	-	18	20	19	23	27	31	30	11	11	7	15	12	22	13
NUDT4	ENSG00000173598	E013	2.83335131163078	0.0168038642399903	17.0355336024498	3.66868022519113e-05	0.0321233578062357	0.756326777616811	0.347054947624456	-1.9433595805948	12	93398771	93398855	85	+	3	3	5	3	5	6	5	1	4	0	2	1	0	2
PSMD1	ENSG00000173692	E040	13.1678692800988	0.0228583314394655	19.4120843417973	1.05338413017075e-05	0.0170638988875993	1.28690754608104	0.968176026328153	-1.14653296173695	2	231151929	231152716	788	+	13	20	24	16	20	8	21	7	7	13	14	5	10	9
PSMD1	ENSG00000173692	E047	37.0705201943417	0.00582094909760506	17.9945553068245	2.21537703781418e-05	0.0249759027347561	1.65642572486997	1.4845663554547	-0.58678895260292	2	231161510	231163084	1575	+	37	36	37	47	39	48	50	26	34	29	27	37	45	33
PSMD1	ENSG00000173692	E048	21.1060336887956	0.0334874943205744	15.7980435479765	7.04753449647081e-05	0.0432725837247608	1.47243430580307	1.17850955698505	-1.02591095192495	2	231163093	231163587	495	+	16	20	34	16	24	45	36	14	16	20	15	18	17	10
CNP	ENSG00000173786	E031	8282.95191454302	0.00402826325177375	15.244198934083	9.4466462800443e-05	0.0495075292660094	3.96326650785941	3.87271523201893	-0.300841229897644	17	41975177	41977740	2564	+	5592	5576	16496	10822	6169	3753	8741	6360	7843	9337	16830	12668	3954	4385
RNF213	ENSG00000173821	E109	54.4160360688898	0.0423953670541656	16.6121100909348	4.58572794679349e-05	0.0361900443988069	NA	NA	NA	17	80396279	80398794	2516	+	45	61	119	67	43	51	101	45	39	38	47	32	40	40
TIGD3	ENSG00000173825	E001	9.09861410480632	0.062259094114225	16.0082690582959	6.30664279670594e-05	0.0423508263733704	1.09980755414728	0.789006072898351	-1.16892942656747	11	65354751	65354957	207	+	20	11	8	12	23	6	18	6	0	3	2	2	14	5
TIGD3	ENSG00000173825	E002	357.843938752755	0.0581266814367322	16.4866320016897	4.8994301484418e-05	0.0368670922583619	2.49807072178216	2.6095926188968	0.371508448965196	11	65355793	65357613	1821	+	461	348	308	368	489	292	350	396	282	375	367	308	426	352
RBM4B	ENSG00000173914	E002	32.5862159958852	0.0235734994741654	15.8735400391427	6.77189097149133e-05	0.0429705699542092	1.6106352519093	1.38508434659405	-0.774161906272514	11	66665295	66665453	159	-	27	27	45	59	32	45	57	22	14	18	29	31	28	21
ABO	ENSG00000175164	E001	19.1430279144761	0.0408235681548285	15.4240884113369	8.58864800513786e-05	0.0483090217590655	1.114447056326	1.43450721495492	1.12450703702139	9	133233278	133233609	332	-	5	7	24	13	17	9	9	44	26	14	41	20	20	29
ZNF519	ENSG00000175322	E022	5.82106399690827	0.0131792808076933	16.5642216046671	4.70299588328721e-05	0.036339006266387	0.971699019683125	0.610038048879232	-1.44488463016076	18	14123114	14123207	94	-	6	11	11	5	13	4	11	3	3	3	2	3	4	4
ARL10	ENSG00000175414	E010	11.5901683071811	0.00899661682543262	18.0510934491257	2.15055095401443e-05	0.0248213902923653	1.21887117381544	0.934299354897583	-1.03385040264928	5	176401741	176401865	125	+	15	18	20	6	15	19	17	5	8	11	10	12	8	2
CLTB	ENSG00000175416	E007	8.51696198685561	0.0128447504971712	17.9907502487243	2.21980974377838e-05	0.0249759027347561	1.1082198499289	0.761858795185016	-1.30762037237341	5	176396479	176396532	54	-	10	4	9	17	15	15	14	3	5	3	3	4	6	11
NR2F1	ENSG00000175745	E010	38.2584207083507	0.00520832276725041	22.4237280757106	2.18655934124856e-06	0.00721056988479235	1.6728724188307	1.47354809478727	-0.680490711238996	5	93591973	93592186	214	+	40	50	54	27	67	40	79	25	25	27	28	35	37	17
SSNA1	ENSG00000176101	E009	1244.42381172797	0.00624998713293829	16.1520890629381	5.84540626341811e-05	0.0410445313560997	3.07313779521867	3.11463651680705	0.137966955990745	9	137189924	137190366	443	+	922	990	1258	1738	954	1293	1237	1631	988	1360	1431	1301	1073	1361
CRLF3	ENSG00000176390	E017	39.1704669134047	0.00666330071145156	17.2569338115871	3.26503833133754e-05	0.0306815969410665	1.67124101659921	1.4988304382037	-0.588132706052845	17	30801029	30801420	392	-	46	47	55	30	54	57	66	28	26	35	34	20	35	28
TCERG1L	ENSG00000176769	E015	11.6352539798255	0.0287895955303488	15.2871602248325	9.23420511977943e-05	0.0492517295117663	0.917566537119271	1.20788585153062	1.05804471642651	10	131309153	131309299	147	-	4	7	6	4	5	12	9	25	15	20	15	16	6	24
GRIN1	ENSG00000176884	E030	443.378516421572	0.002430101574543	15.8965034496487	6.69022020743991e-05	0.0429705699542092	2.63748364768159	2.65387984935118	0.0545904443617893	9	137163169	137163330	162	+	454	370	317	356	482	478	430	506	417	534	439	522	519	554
GRIN1	ENSG00000176884	E031	94.0931308878658	0.0067702824512481	18.1298658494939	2.06339585659608e-05	0.0242705294801018	1.92589563551249	2.01929714815694	0.313620159537637	9	137163559	137163668	110	+	66	67	70	70	91	101	91	103	86	106	105	150	129	127
NR2C2	ENSG00000177463	E038	294.069809196614	0.00686775391985656	22.0165481215548	2.70309844362786e-06	0.00818329818991406	2.4279178659936	2.50023004522827	0.24104481079585	3	15053361	15053450	90	+	232	219	258	345	257	236	229	427	321	345	284	309	326	388
ZNF518B	ENSG00000178163	E003	220.875567689622	0.0103234112030287	21.7821703310047	3.05425284118003e-06	0.0088129511278237	2.30163310108858	2.38315831096868	0.272059428962325	4	10450887	10453022	2136	-	231	201	242	141	200	133	197	285	283	263	270	253	260	231
CTC1	ENSG00000178971	E001	311.69006184344	0.00586971705515083	27.4477193753034	1.61399092527568e-07	0.00141931287700315	2.5513027675294	2.43458501944954	-0.388981974351351	17	8224815	8226874	2060	-	268	253	466	215	415	320	513	359	229	202	402	307	300	263
SELENOW	ENSG00000178980	E027	560.64216988668	0.00347620954311607	21.1893088580423	4.16079032397922e-06	0.010383420934179	2.77319814252719	2.70432184090321	-0.229220867627296	19	47782180	47784289	2110	+	411	511	997	480	532	857	945	495	398	376	846	589	319	270
FUCA1	ENSG00000179163	E002	4.84277764912554	0.0122046266660241	20.390970465697	6.31269519516824e-06	0.0135365930240294	0.927442194746935	0.503853623851845	-1.76821081676069	1	23846074	23846173	100	-	7	7	10	9	5	4	8	1	4	3	3	2	4	0
ZNF875	ENSG00000181666	E053	3.29317219422366	0.0314438000529152	15.3471855967112	8.94540829280109e-05	0.0487300457059463	0.781738425006569	0.380735712080089	-1.84780367306028	19	37359426	37359546	121	+	6	2	9	4	7	3	6	2	4	0	4	0	0	0
ERCC6L2	ENSG00000182150	E016	12.8887871875438	0.0152747119683159	21.5808795940385	3.3921674574008e-06	0.00949138733876069	0.938698905659019	1.27880072536422	1.22831122096202	9	95881294	95882677	1384	+	6	5	9	9	6	7	12	16	23	29	21	19	15	10
MXRA7	ENSG00000182534	E014	23.26985395322	0.0172144078774481	18.3791389562523	1.81029125084168e-05	0.0225882760333063	1.48963901419606	1.27098749375803	-0.758297144502796	17	76688888	76690219	1332	-	20	24	29	19	36	22	40	22	17	22	20	19	25	20
EWSR1	ENSG00000182944	E028	259.952607870412	0.00847875885735132	17.1309922072337	3.48883338906695e-05	0.0316508513627918	2.35564120955005	2.47534531685316	0.399186830645981	22	29286923	29287106	184	+	277	227	208	166	321	228	242	276	268	297	346	343	291	282
CMTM4	ENSG00000183723	E011	2.7625612347685	0.016655446686905	15.2779304798794	9.27943649603618e-05	0.0492517295117663	0.744661953663784	0.303818359481518	-2.16889508613976	16	66636486	66636581	96	-	5	6	0	5	4	5	5	0	0	1	2	2	1	2
BRF1	ENSG00000185024	E039	34.7834361845227	0.0994053396872769	17.8124054923014	2.43788571430483e-05	0.025579792889811	1.73870880375438	1.2476090982209	-1.68879748721982	14	105241415	105242605	1191	-	13	51	43	42	41	75	93	18	18	10	24	29	16	14
LRRC37B	ENSG00000185158	E031	8.51769377747023	0.0111099722069744	16.2405475179768	5.57872309367504e-05	0.0401769260074757	1.10527994068863	0.798284175283898	-1.15193879533325	17	32045487	32045536	50	+	9	17	12	4	17	12	12	5	7	4	6	6	7	4
P4HB	ENSG00000185624	E067	26.5214019135287	0.00630029566289392	19.3012757236979	1.11631739104798e-05	0.0173235573617505	1.33066743662806	1.54607240092437	0.74293534638023	17	81855142	81855279	138	-	20	17	25	17	26	32	24	22	31	25	43	33	39	33
ATP6V0C	ENSG00000185883	E002	27.3188697506255	0.00660460712992273	15.9539419345809	6.49024825285221e-05	0.0429705699542092	1.35608098249096	1.51099407578569	0.534417202539471	16	2514294	2514397	104	+	23	26	20	26	18	13	16	36	34	34	26	30	35	54
ZNF397	ENSG00000186812	E028	32.5283586755505	0.0220333016506611	17.5122694670031	2.85459554259504e-05	0.0284376277470834	1.61673203397305	1.38233375416654	-0.804451454519603	18	35258050	35258279	230	+	22	33	48	61	35	38	48	22	27	19	41	17	26	16
WDR86	ENSG00000187260	E001	60.6542025321703	0.0340867144540034	15.9928832323555	6.35810440135732e-05	0.0425417079637194	1.91551780260788	1.66373996436402	-0.850392057500072	7	151375909	151377147	1239	-	52	53	57	41	81	106	48	62	49	74	65	58	66	61
MAGI2	ENSG00000187391	E061	3.97365581013966	0.0130559164386537	15.7660940052628	7.16755772752916e-05	0.0436842536482775	NA	NA	NA	7	78484138	78487392	3255	-	3	7	9	5	4	7	7	2	4	1	2	2	1	1
ZFTRAF1	ENSG00000187954	E005	218.228191535879	0.0118065569845934	17.0256934310582	3.68774129794876e-05	0.0321233578062357	2.27924495669179	2.39731237256225	0.394025286641789	8	144462283	144462415	133	-	162	184	178	183	210	262	215	320	223	268	245	212	220	237
HES4	ENSG00000188290	E004	158.809350977795	0.00703820697256448	15.2749151151045	9.29426188420307e-05	0.0492517295117663	2.22442356864636	2.17797714650421	-0.155269124097562	1	998970	999432	463	-	122	139	152	138	190	188	153	298	44	119	134	136	200	257
ZNF177	ENSG00000188629	E003	2.96591072455766	0.0352561478327211	15.5468809783436	8.048432135279e-05	0.0465926007028831	0.383966782844262	0.720327979033057	1.58140693694124	19	9363031	9363084	54	+	1	2	1	1	1	0	3	2	6	5	3	3	7	9
ZNF177	ENSG00000188629	E004	4.10978222387673	0.0329670621212358	15.6657205800853	7.55816929799055e-05	0.0448799718411548	0.823912507342816	0.580157572175846	-1.01540248652896	19	9363085	9363291	207	+	7	5	9	2	5	2	6	6	2	6	2	1	4	2
MSANTD1	ENSG00000188981	E014	16.9931266608349	0.0101407352121452	21.5461079761203	3.45422980969154e-06	0.00952078535754831	1.35715023652974	1.08936287151574	-0.947240065134765	4	3269800	3271738	1939	+	20	29	22	10	27	26	30	12	15	10	11	14	10	6
MPHOSPH8	ENSG00000196199	E016	35.876859803876	0.00892238775625285	15.8783364841052	6.75474967140534e-05	0.0429705699542092	1.65548026475082	1.45781216992895	-0.675561598439968	13	19670236	19670339	104	+	36	41	46	29	39	44	69	26	33	28	34	25	34	30
IARS1	ENSG00000196305	E011	56.2385538226214	0.0328546304007765	16.4143972739516	5.08971719783842e-05	0.0375967229969928	NA	NA	NA	9	92223490	92225908	2419	-	61	56	90	44	65	84	90	30	40	33	59	60	50	47
MYO18A	ENSG00000196535	E044	8.64039654590286	0.0197623836494856	15.7174090402934	7.35441616160274e-05	0.0442390890085725	NA	NA	NA	17	29098105	29098224	120	-	5	2	11	0	7	8	4	7	13	12	22	12	13	14
SLC39A10	ENSG00000196950	E010	109.096513170795	0.0261159531643045	33.1100214361566	8.70887014440139e-09	0.000125163773724859	2.16293478614298	1.90746552245394	-0.856666806357867	2	195658064	195658587	524	+	119	108	156	91	174	96	159	69	103	96	86	105	129	83
DYNC1H1	ENSG00000197102	E102	576.573221490602	0.00130207287086687	19.1031283101498	1.23841729297765e-05	0.0187515956363097	2.74511243010912	2.7700964766963	0.0831405071840763	14	102033976	102034188	213	+	601	560	315	254	649	518	503	498	711	725	692	738	753	900
DYNC1H1	ENSG00000197102	E118	275.140791745397	0.00304308740853566	16.168037387696	5.79639546562288e-05	0.0410122739707501	2.40841071473728	2.45936809865645	0.169902747411279	14	102038698	102038848	151	+	270	251	163	132	276	264	203	286	330	368	362	359	341	400
DYNC1H1	ENSG00000197102	E168	16.4894632404136	0.0439346106637213	15.3988291259145	8.70422111474927e-05	0.0483476488780727	1.40359936086503	1.04127023860135	-1.28305984783457	14	102048670	102048913	244	+	19	13	24	22	18	20	32	11	15	12	11	11	10	15
SLC22A5	ENSG00000197375	E022	24.0816636759993	0.00515002449875202	21.0970814810154	4.36592566844437e-06	0.010750073242555	1.47345426262282	1.25757081148125	-0.749832119445427	5	132386371	132386989	619	+	45	30	40	11	49	23	47	11	20	7	15	18	18	16
DCHS2	ENSG00000197410	E025	19.4484828228459	0.0176097846363063	16.4711183563762	4.93968508027817e-05	0.0369316454969624	1.17403097409593	1.31947261081201	0.512325382466094	4	154333495	154334867	1373	-	7	9	12	9	5	11	13	30	31	38	29	34	14	41
MYO5A	ENSG00000197535	E050	7.360283592548	0.0232805220204131	15.8611931438418	6.81621725417297e-05	0.0429705699542092	NA	NA	NA	15	52346462	52348481	2020	-	18	12	6	4	8	8	13	1	5	5	6	10	6	4
PSAP	ENSG00000197746	E005	17.0505510390733	0.0191947176375702	19.491199175315	1.01064251158193e-05	0.0169668502376213	1.3877828852341	1.07536652071801	-1.10419629684028	10	71819112	71819271	160	-	17	18	23	22	22	33	21	11	6	11	22	10	12	13
CFD	ENSG00000197766	E010	26.4168226613656	0.0210037382396091	17.9552223149478	2.26163050282061e-05	0.0251599581298725	1.34102140569076	1.5111385658431	0.587286704558276	19	863092	863448	357	+	8	18	32	15	12	28	29	35	36	33	37	20	18	61
CFD	ENSG00000197766	E013	38.1123729569342	0.0366635480036237	16.681600694533	4.42076893973633e-05	0.0358062894781188	1.69514486380463	1.45247496226129	-0.828542515029531	19	863451	863641	191	+	30	49	55	49	30	52	60	42	23	38	32	20	31	22
UVRAG	ENSG00000198382	E022	19.2443114561936	0.00555072922093537	16.0734433499308	6.09325637476936e-05	0.0416756168418021	1.19393380596587	1.39540934880041	0.705435958564513	11	76016815	76016980	166	+	20	14	18	12	16	8	12	17	21	26	36	34	26	22
GABBR1	ENSG00000204681	E014	9.44456489615049	0.107484794759863	15.2112706911493	9.61279843668909e-05	0.0497403338875611	NA	NA	NA	6	29605410	29605568	159	-	16	12	6	8	10	39	11	2	5	4	6	4	3	6
KLRC2	ENSG00000205809	E003	37.2083993105188	0.0151132154101734	15.4700541234099	8.38227970231855e-05	0.0474833003873364	1.41290450526441	1.55469903824235	0.487095893114622	12	10430609	10430979	371	-	9	12	22	11	17	14	13	17	32	16	135	71	51	147
DNAJC19	ENSG00000205981	E006	174.081911474077	0.0051491124773496	17.9165960316818	2.3079971468363e-05	0.0252277455262956	2.1893674251363	2.2829178482401	0.312586123421751	3	180984278	180984525	248	-	136	157	156	152	158	155	123	249	196	212	208	195	181	212
ATP10A	ENSG00000206190	E038	42.7582680858936	0.0399281534861278	22.5666747065915	2.02975093800522e-06	0.00713336842731854	1.44448306283501	1.76538264917133	1.09382561270346	15	25718400	25719149	750	-	38	29	7	17	53	18	16	45	86	42	66	52	97	66
LINC02693	ENSG00000212719	E025	32.9570814990794	0.0136152769613226	16.2597106181932	5.52258229048828e-05	0.0401054556699003	1.63089325391285	1.41655009855011	-0.73425532581699	17	21511780	21512188	409	-	37	42	25	32	31	57	33	25	26	20	30	35	43	32
LINC02693	ENSG00000212719	E065	101.566311881712	0.0127363528226186	20.9667004224869	4.67336048539259e-06	0.011208175075811	1.88840788504265	2.08388189204816	0.656183686248429	17	21573414	21573535	122	-	52	119	65	46	73	70	44	91	142	143	157	111	188	183
NAXD	ENSG00000213995	E018	34.354176464051	0.00434169706725562	30.1720317848658	3.95370108714376e-08	0.000486753319841892	1.62008884318194	1.44342594614176	-0.604767645178196	13	110638242	110638377	136	+	47	31	40	33	53	52	51	28	21	20	34	26	35	21
STARD10	ENSG00000214530	E015	18.0855708590852	0.0217851445117235	24.6370630661125	6.92077909212866e-07	0.00345421695930649	1.40649831803663	1.07574446264199	-1.16759261270089	11	72755754	72755947	194	-	11	22	20	16	19	52	35	15	13	7	11	12	11	10
BASP1-AS1	ENSG00000215196	E011	175.100564057945	0.00435023973921712	16.0889296428176	6.04362978370864e-05	0.0416446683640849	2.19530021412304	2.26781592839238	0.242315409367833	5	17117687	17119034	1348	-	116	183	108	123	149	136	117	224	195	318	176	196	224	253
NUTM2A-AS1	ENSG00000223482	E025	104.563854985917	0.0150611013123897	18.1998824109181	1.98891114012766e-05	0.0238501441719074	2.11223236389792	1.93590910451629	-0.591367262219028	10	87205044	87205404	361	-	117	43	141	104	145	92	123	61	129	97	149	104	121	92
SNHG14	ENSG00000224078	E016	106.166945353616	0.0183788346446995	15.2327694099911	9.50398832950791e-05	0.0495791391189329	2.11588796905686	1.9274808171916	-0.631934749808741	15	25015221	25019026	3806	+	164	121	145	69	115	126	150	66	89	121	63	82	114	101
MEG8	ENSG00000225746	E018	3.90617941564536	0.0134746964020664	20.7940536308341	5.1141505792324e-06	0.012108079326498	0.864974428996728	0.409136431304293	-2.01527739415879	14	100913522	100913688	167	+	6	6	9	4	6	8	4	0	2	3	2	2	1	2
ZNF717	ENSG00000227124	E002	41.9314728404015	0.0482485481470771	27.4701893415882	1.59534702504561e-07	0.00141931287700315	1.42335619506262	1.75367978295693	1.12712631013166	3	75709643	75711186	1544	-	29	22	22	24	21	30	15	45	78	73	46	85	53	66
LINC01128	ENSG00000228794	E148	32.2226488944503	0.0684909239653811	17.5058542983632	2.86424365677019e-05	0.0284376277470834	1.69046924899235	1.28369350707984	-1.39864761566867	1	860227	861104	878	+	28	45	22	39	34	61	75	18	23	25	10	25	23	23
LINC00595	ENSG00000230417	E036	76.5985164133522	0.0204613279709269	18.804077233818	1.44857124425932e-05	0.0204752632581152	1.79706679058808	1.97413507165672	0.596019756959234	10	78250489	78252645	2157	+	50	37	89	72	85	67	61	87	94	72	125	88	78	103
NA	ENSG00000230423	E013	35.2680227697233	0.0156273630701367	34.1333095924571	5.14627525393748e-09	8.63966046495122e-05	1.67375058614819	1.42006362384912	-0.867733325381059	6	170614536	170615514	979	+	42	37	46	27	68	45	52	22	21	12	34	30	46	29
HAR1B	ENSG00000231133	E018	4.61065886352617	0.0186678404466757	18.1033219946711	2.09236068547631e-05	0.0244554587206905	0.931986063791832	0.549827507015004	-1.56790855018527	20	63102115	63102218	104	-	9	5	9	6	3	3	5	3	4	2	3	3	2	8
NA	ENSG00000231863	E047	42.1346464722084	0.0135588496221667	28.3898839865009	9.91822205642167e-08	0.00101755448175522	1.74253990205981	1.50873992818728	-0.795748715816189	6	160978664	160978993	330	+	55	26	73	37	50	63	53	25	40	42	34	36	37	34
NA	ENSG00000231863	E058	105.591322226353	0.00676213306652255	15.6481332026237	7.62878495554004e-05	0.0450098312376862	1.96508711652455	2.07461450277688	0.367361065998893	6	160982966	160984321	1356	+	82	56	124	91	106	64	75	108	135	102	127	131	153	179
TAPBP	ENSG00000231925	E020	33.9026807407571	0.0132011678231886	28.621618631153	8.79942739128203e-08	0.000955876621381208	1.65942736257309	1.40612659934631	-0.867262841216963	6	33302871	33303377	507	-	47	32	42	30	40	52	36	33	33	39	28	23	24	23
TAPBP	ENSG00000231925	E026	21.1308536248685	0.00643285523648327	20.2736829974588	6.71174609002514e-06	0.0136204192356587	1.44763636723003	1.22980738438029	-0.758799758345889	6	33303663	33303954	292	-	33	18	22	19	18	32	27	20	16	15	21	16	24	21
NA	ENSG00000231977	E005	34.751800672471	0.00869989235131267	22.2564747383483	2.38553022855924e-06	0.00772869942645675	1.46664722991926	1.61990648912976	0.524203395982815	20	63166019	63167150	1132	-	36	21	24	14	40	27	22	41	40	50	51	40	57	48
LINC00665	ENSG00000232677	E027	67.275746957089	0.0175298721913966	15.984568750641	6.38608976397401e-05	0.0425747002423495	1.902893361409	1.73339374983309	-0.57181434890931	19	36315576	36315956	381	-	57	69	100	62	99	98	107	65	52	30	70	49	59	44
FAM133B	ENSG00000234545	E018	16.1479906545593	0.019213975068917	15.9000498515352	6.67769583008415e-05	0.0429705699542092	1.34024651021772	1.08616334281106	-0.900027377493269	7	92577718	92578149	432	-	17	19	29	14	24	21	27	7	7	10	15	13	11	18
PRADX	ENSG00000235027	E001	25.0459826216323	0.040635619584361	16.0158310097692	6.28150377981312e-05	0.0423508263733704	1.51303386157516	1.29682863701029	-0.747990377453712	11	1760348	1761194	847	+	22	25	40	12	33	36	54	20	16	15	24	26	21	19
PRADX	ENSG00000235027	E002	4332.91982579483	0.0399776299410492	16.2086989266538	5.67330020000936e-05	0.0402957056898357	3.57807258831195	3.68891589206199	0.368299363543745	11	1761319	1762486	1168	+	3722	3840	3105	3381	4022	3842	4038	5514	4994	5369	5951	4782	4296	5489
LINC00844	ENSG00000237949	E017	31.7839513815578	0.0368808808498098	16.4947677078083	4.87845156599804e-05	0.0368670922583619	1.58233183312882	1.31742853559849	-0.912933338913508	10	59000513	59001228	716	+	31	34	99	48	41	19	62	6	21	19	25	15	23	6
NA	ENSG00000238035	E009	7.29092234379694	0.0260178431606518	15.4224438503731	8.59612543235057e-05	0.0483090217590655	1.04668315716454	0.700857390401456	-1.33341544867004	5	181320495	181320552	58	+	11	9	16	7	9	9	15	1	3	4	2	9	8	1
LINC01410	ENSG00000238113	E018	6.89258918301267	0.00931844960029693	18.5754802623599	1.63307629942558e-05	0.0209430694593695	1.0223778917364	0.696746696408661	-1.26152893727221	9	62802789	62803103	315	+	6	10	10	9	10	8	15	5	5	1	5	4	7	2
ADSL	ENSG00000239900	E015	50.0541666283747	0.00510028318191411	19.4459515759374	1.03486960871752e-05	0.0170638988875993	1.6182267548029	1.77644496604334	0.536420489701067	22	40353073	40353117	45	+	38	46	34	37	51	44	32	61	79	61	62	52	52	71
LINC00881	ENSG00000241135	E103	35.5144722328071	0.0119778110853882	16.838713890951	4.06946100997601e-05	0.0341594256687395	1.63983973571246	1.45212186433005	-0.641998403319229	3	157177502	157177930	429	+	41	41	44	36	24	54	52	54	34	33	19	11	31	23
MRPS6	ENSG00000243927	E001	34.7294791962929	0.0170608888147889	37.6886593925682	8.29856101078943e-10	2.55415876977081e-05	1.40561762838025	1.68504506120923	0.955972567518379	21	34073224	34073268	45	+	25	23	31	21	30	32	33	38	44	53	38	38	41	57
MRPS6	ENSG00000243927	E002	28.1430459336178	0.0231267700041942	16.6034254226929	4.60677431220409e-05	0.0361900443988069	1.35758144554932	1.56597786630897	0.717303375971558	21	34073549	34073575	27	+	18	19	29	18	34	33	23	39	27	39	26	22	38	42
CRYBB2	ENSG00000244752	E005	70.7378128823596	0.0487192219370398	18.0191566790348	2.18693148212276e-05	0.0249759027347561	1.699155464606	1.90725315776888	0.702446215174375	22	25229436	25229578	143	+	58	23	38	25	50	27	43	204	54	44	142	55	56	217
CRYBB2	ENSG00000244752	E006	13.1146166735727	0.0430274444564433	15.719438216104	7.34653095737725e-05	0.0442390890085725	1.25773385078312	1.0315378861082	-0.810242542935748	22	25231604	25231869	266	+	13	13	9	13	8	23	11	21	9	7	14	10	6	28
MIR9-2HG	ENSG00000245526	E012	11.0729875236754	0.0379528175018964	15.4144239871751	8.63268380380767e-05	0.0483090217590655	1.21142222645425	0.896294910063232	-1.15122242260698	5	88435980	88436043	64	-	16	10	16	11	11	21	20	12	6	4	12	2	9	7
NEAT1	ENSG00000245532	E016	41.2942796775366	0.0854132446775442	15.2990293600529	9.17636504546952e-05	0.0492517295117663	1.34040969038158	1.74252436769776	1.3768898757494	11	65423627	65423637	11	+	17	10	10	19	23	12	29	44	35	72	161	24	64	103
NEAT1	ENSG00000245532	E038	1009.13603541793	0.0506508196679861	25.6857517943551	4.017825337245e-07	0.00285373771165013	3.18149283789213	2.80006048530063	-1.26842863964881	11	65426533	65444457	17925	+	1109	847	1575	610	1153	2210	1280	978	823	692	1157	653	745	635
NA	ENSG00000247121	E025	158.603564418094	0.00553704422352451	16.5845403691227	4.65287603882674e-05	0.0361900443988069	2.16437286354575	2.22263662136607	0.194796565319971	5	96934122	96934831	710	-	167	116	106	147	138	112	111	196	200	210	221	192	181	183
NA	ENSG00000247121	E029	19.7440560697446	0.00931512427915183	18.6643574936912	1.55869092361222e-05	0.0209129049815098	1.41703597594454	1.19653417555228	-0.770986123054757	5	96935044	96935618	575	-	30	29	15	22	21	23	16	11	15	23	16	23	14	21
ARHGAP11B-DT	ENSG00000247728	E011	75.911147145547	0.0335528806719385	16.1105784771659	5.97493556376452e-05	0.0414808778406163	1.96551635549774	1.78663359778016	-0.602305983883768	15	30538226	30538543	318	-	129	76	104	94	87	56	75	57	76	99	79	64	45	34
NOP14-AS1	ENSG00000249673	E011	126.428241956875	0.00568994546253699	15.8984441637175	6.68336350969973e-05	0.0429705699542092	2.0567472891195	2.141399700876	0.28346934202784	4	2935140	2935634	495	+	143	84	106	72	147	61	98	108	137	172	227	168	124	211
MIR100HG	ENSG00000255248	E015	250.136633899612	0.0150803265918369	17.331345490586	3.13965056205499e-05	0.0300817488393122	2.32349708065772	2.46162334472385	0.460719303401904	11	122028395	122028697	303	-	203	157	249	276	205	174	161	385	319	259	322	239	261	359
FOXG1-AS1	ENSG00000257126	E003	43.8078405646582	0.0302264783109117	15.4833099961437	8.32369805761602e-05	0.0473919659768038	1.72996169097608	1.55506381859485	-0.594637958944021	14	28723603	28724388	786	-	66	35	73	28	66	40	66	55	31	41	27	25	24	54
RTEL1	ENSG00000258366	E022	16.3589063972119	0.00804657775227785	16.2362781243844	5.59130881243366e-05	0.0401769260074757	1.11471247848727	1.33726949217435	0.786648450697981	20	63674094	63674574	481	+	16	7	9	4	26	11	7	17	20	31	20	25	31	19
FRMD6-AS2	ENSG00000258537	E030	46.5327697634775	0.0130340453546667	17.3765748981855	3.0658129735682e-05	0.0297980885173073	1.59631898990791	1.74652093070641	0.509882162441316	14	51649516	51651211	1696	-	41	28	81	21	35	20	38	50	55	68	67	50	58	70
NA	ENSG00000258891	E001	327.218851705274	0.00467340135172349	20.4545407215626	6.10645085989774e-06	0.0132915245153918	2.49481245156811	2.53236447111089	0.125128731791538	14	73896164	73896568	405	-	304	305	296	352	340	332	372	352	345	339	415	318	290	303
NA	ENSG00000258891	E002	7.06328060045688	0.0103624926230463	16.9351096263561	3.86795225036534e-05	0.0330692010219893	1.0171106614439	0.687585917549029	-1.28037328076451	14	73913067	73914872	1806	-	9	7	12	16	7	7	12	3	5	4	6	3	3	3
TMEM179	ENSG00000258986	E010	83.8442973694223	0.0356470543594083	15.3818823850522	8.78263629045404e-05	0.0483476488780727	2.04429147806671	1.80163938683769	-0.815946231536006	14	104594396	104595164	769	-	88	71	110	57	104	108	143	90	109	45	66	89	44	78
PAQR5-DT	ENSG00000261634	E001	7.47286589705379	0.018482401256569	15.6684934611356	7.54709597731288e-05	0.0448799718411548	1.05399950627288	0.795464673246316	-0.977254128388361	15	69263427	69263802	376	-	19	11	9	7	8	3	3	5	5	4	8	8	9	8
DLGAP1-AS4	ENSG00000263878	E034	16.4044785705832	0.0128246916522082	19.3644900573763	1.07996648553377e-05	0.0173152901399261	1.35859060953695	1.08712811446338	-0.960327808648443	18	4023717	4023918	202	+	30	16	12	28	22	13	17	11	15	9	8	11	17	21
FXYD1	ENSG00000266964	E012	215.668035196709	0.0235042085191704	15.210702245609	9.61569242316528e-05	0.0497403338875611	2.24723104244683	2.41168984384766	0.548906465774532	19	35141443	35141535	93	+	103	150	173	211	129	262	217	429	224	229	198	219	219	290
NA	ENSG00000267002	E022	27.184232234054	0.00483201762048108	24.0374467285068	9.44802204140613e-07	0.00425552739118651	1.3264211968457	1.54744791682388	0.76243854184993	17	43167057	43167250	194	-	22	18	13	17	31	18	22	33	32	37	40	37	41	36
ZNF528-AS1	ENSG00000269834	E005	414.273429889862	0.0069568336825055	15.2408418598222	9.46345255369108e-05	0.0495075292660094	2.65029524578011	2.58336032843171	-0.222892119009112	19	52389304	52391573	2270	-	376	312	665	341	599	423	446	377	402	390	604	382	356	315
TAF15	ENSG00000270647	E042	153.83328806564	0.00363166755957817	34.2254334087881	4.90832593319813e-09	8.63966046495122e-05	2.23986215747183	2.12878608645441	-0.371423092197076	17	35845039	35846905	1867	+	166	132	239	130	184	167	212	189	119	108	162	114	161	123
GCAWKR	ENSG00000272808	E024	3.41188147155549	0.0270904534874308	22.7662415451751	1.82951368740148e-06	0.00689502638066188	0.861767948124516	0.372224972331515	-2.20972098788422	15	100855231	100855348	118	+	1	3	10	9	5	0	6	1	2	0	4	5	0	1
NA	ENSG00000272865	E014	5.84954019218815	0.0343810073798215	22.4686914638034	2.1359681296851e-06	0.00720010837704489	0.960627713437265	0.599978442701335	-1.44810535026873	1	242185014	242185311	298	+	7	0	21	19	11	0	2	0	1	0	11	3	0	6
LINC03073	ENSG00000273084	E008	125.889719459314	0.030172598176389	16.6702068487521	4.44740131380721e-05	0.0358646987170645	2.15853858185454	2.02678897192894	-0.441241251845796	7	5425138	5426401	1264	+	88	97	194	164	131	161	196	159	105	96	94	102	99	86
LINC03073	ENSG00000273084	E021	124.563942436346	0.0387005746973894	20.0947636656026	7.36981766083042e-06	0.0146342390045758	1.97893166622217	2.1994458757044	0.738613147220465	7	5429045	5429636	592	+	126	62	107	116	110	61	100	189	125	193	156	123	133	194
MLLT6	ENSG00000275023	E037	150.46937753039	0.0449681079195151	17.1193618958002	3.51026227618642e-05	0.0316508513627918	2.29574243701945	2.02557119243408	-0.903835615790476	17	38725557	38725756	200	+	207	179	170	92	256	251	215	115	100	108	39	133	138	155
NA	ENSG00000275465	E003	2.89768110267997	0.045430012058118	20.5081284561479	5.93785558733909e-06	0.0132113709796857	0.363886728577191	0.852761591484425	2.22344406127138	9	96070127	96070252	126	-	2	1	4	1	1	1	5	3	3	4	7	2	1	8
NA	ENSG00000277332	E012	23.8425913437684	0.00720018620855953	19.6021437318564	9.53621397525645e-06	0.0166137041019869	1.49522182283825	1.29940695003082	-0.677887602530345	8	142616397	142617095	699	+	32	24	11	10	26	24	22	12	28	21	20	26	55	39
NA	ENSG00000277332	E040	25.5865741940314	0.0519509216583628	22.5527096287686	2.04455950028403e-06	0.00713336842731854	1.14090421128524	1.49209379115409	1.22766056128917	8	142639607	142639749	143	+	32	5	2	2	12	2	9	43	47	28	22	43	83	52
NA	ENSG00000277701	E042	133.103964833594	0.0108000142638749	15.3797875154841	8.79237880914076e-05	0.0483476488780727	2.20067950525836	2.04858947004068	-0.509072733762131	2	97285524	97286345	822	+	217	125	176	73	217	130	159	69	97	118	118	125	162	157
PSMB3	ENSG00000277791	E006	181.436153550099	0.00692965423716018	17.3287956089254	3.14386609952199e-05	0.0300817488393122	2.23152606724949	2.28125448563474	0.166115228908664	17	38753150	38753334	185	+	148	122	156	212	144	191	190	278	143	211	220	177	155	229
EBLN3P	ENSG00000281649	E044	59.8182063494763	0.0104170736261139	26.7411232175333	2.32617873129877e-07	0.00186771924482149	1.87159009917228	1.67857051681398	-0.65223839979637	9	37084990	37086667	1678	+	82	72	80	53	80	73	61	28	49	41	54	67	71	47
NA	ENSG00000282564	E017	33.0461253815859	0.0267650491516748	15.5565397731123	8.00741801453811e-05	0.0465009397718475	1.63135868799727	1.40996799380705	-0.75858197846256	1	230443789	230444691	903	+	31	31	56	38	38	36	41	43	25	31	18	16	41	22
NA	ENSG00000283674	E033	9.28046622534825	0.0121813356409528	18.7989628632363	1.45246086901667e-05	0.0204752632581152	NA	NA	NA	8	12525625	12525732	108	-	12	7	18	7	9	13	12	6	8	12	3	7	9	10
NA	ENSG00000284606	E055	46.3320755440566	0.00907553383798651	24.6765247299666	6.78050739827704e-07	0.00345421695930649	1.7521543504649	1.59004021934163	-0.550339093674086	8	8198113	8199973	1861	+	57	37	65	43	38	35	59	69	36	60	42	39	34	46
NA	ENSG00000288959	E001	15.0985089742008	0.0126071979208205	17.055434801519	3.63043239577177e-05	0.032078083757281	1.08732142841103	1.31752282904324	0.816636208520423	6	170167794	170168185	392	+	15	16	9	2	14	5	16	5	12	7	49	23	42	14
NA	ENSG00000289473	E009	44.4277826549716	0.0156437913224703	20.2883476760873	6.66049863288233e-06	0.0136204192356587	1.54534226918442	1.76370031454465	0.741990477258372	8	2023181	2023456	276	+	55	44	30	31	38	44	29	52	43	26	98	50	64	41
NA	ENSG00000290385	E005	5.71626878482947	0.016836201726058	21.7518267870245	3.10294264088295e-06	0.00881569873064391	0.582534010163539	1.00498665301935	1.69050657759202	1	368251	368450	200	-	5	0	2	3	6	2	3	5	8	17	12	7	8	7
STAG3L4	ENSG00000291153	E019	193.284343013115	0.00878860525574836	16.4821264127259	4.91108718013593e-05	0.0368670922583619	2.21393916625648	2.34138749751433	0.425628124280944	7	67320103	67320336	234	+	177	146	125	145	152	153	161	325	196	288	278	147	215	274
NA	ENSG00000291189	E051	54.5174294547733	0.0115843411573552	31.1453743827921	2.39409175258623e-08	0.0003157978028215	1.8306829137829	1.6399947912485	-0.645422943616579	12	3315520	3316724	1205	-	103	50	36	50	89	58	72	58	31	47	34	41	71	42
NA	ENSG00000291233	E030	337.786854732956	0.00430554973079513	19.0279035281989	1.28820831482999e-05	0.0193409292276142	2.55503279556604	2.50158637646283	-0.17807307658669	1	149188409	149188789	381	-	318	351	385	236	484	359	478	282	301	356	360	257	421	296
VAMP7	ENSG00000292366	E015	4.74144569231687	0.0619975134501983	15.8303066029819	6.92838474013323e-05	0.0432721162695466	0.90390626108075	0.537184541416079	-1.5206409447777	Y	57126221	57126310	90	+	9	6	11	5	7	7	5	0	2	1	7	2	6	0
NA	ENSG00000292994	E023	104.248991150502	0.0128796759159818	18.9832464739063	1.31871264573048e-05	0.019614696735078	1.93422458540522	2.10004674181387	0.556229557915291	1	356685	357586	902	-	92	103	86	27	129	67	86	72	110	100	138	129	233	174
NA	ENSG00000306030	E003	2.88623742445544	0.0334804775767881	22.0673008331805	2.6325618864893e-06	0.00816409603611908	0.414039889347868	0.695955465274205	1.31444191755942	6	79631102	79631555	454	-	1	1	1	1	2	2	2	0	7	5	4	6	6	5
NA	ENSG00000307088	E011	3.7434352357001	0.0158935732442374	19.6547634428768	9.2771751625521e-06	0.0163445639473165	0.842328874751521	0.412233709707601	-1.91097097225462	GL000205.2	55533	55822	290	-	5	4	4	7	13	3	5	1	2	0	3	3	2	1
NA	ENSG00000308099	E002	71.6068853941655	0.00775289180238627	16.0473017630152	6.17796002553288e-05	0.0420990360854301	1.86311739565819	1.81509146161575	-0.161884705818984	17	32046439	32047909	1471	-	61	73	99	58	85	162	106	51	66	43	53	68	48	44
NA	ENSG00000308099	E011	5.04882107819801	0.0113690476237287	15.86076192766	6.81777061600871e-05	0.0429705699542092	0.615022588126561	0.950142318054799	1.34257184713286	17	32067235	32067365	131	-	5	2	3	2	4	6	6	4	8	5	6	11	6	6
NA	ENSG00000310533	E047	42.6848677906236	0.0180216529612421	19.9772612647188	7.83685918328535e-06	0.0149199256224465	1.74164644608109	1.53247080898496	-0.711442059588212	7	73016240	73016328	89	+	53	33	84	42	43	26	57	34	32	36	55	35	41	44
NA	ENSG00000310535	E012	45.004051824198	0.0224485088814521	21.3139877147373	3.89876263781533e-06	0.0100817049356647	1.75094652907434	1.56632148300991	-0.627184242856898	7	73100529	73100617	89	+	53	32	84	50	52	26	57	43	35	36	55	35	44	44
NA	ENSG00000310535	E020	261.824709672743	0.0215103787638847	16.4592271423695	4.97076550932609e-05	0.0370141639760988	2.33528858290804	2.47854580167835	0.477770730592521	7	73105475	73105912	438	+	290	166	200	151	218	183	170	267	344	387	513	314	298	328
NA	ENSG00000310537	E017	3.46264435561882	0.0167879535851247	17.1394619753746	3.47331060075014e-05	0.0316508513627918	0.818034137795487	0.440227376768574	-1.66749135916551	7	75348786	75348842	57	-	2	6	7	3	6	4	6	2	3	4	2	1	1	2
